INSERT INTO
      [dbo].[person] (
            [personId],
            [personName],
            [personLastName],
            [personIdentNum],
            [personBirthDt],
            [personPhone],
            [personActive],
            [identDocId],
            [genderId],
            [personCity],
            [expeditionCity]
      )
VALUES
      (
            'ca938bdd-63cf-49ba-a832-9982e1a973b8',
            'user1',
            'prueba',
            '464917251',
            '1924-11-02',
            '3196742139',
            1,
            1,
            1,
            7,
            32
      ),
      (
            'e2daf03e-d2a7-4b58-87d0-1bbf2805eb18',
            'user2',
            'prueba',
            '171192814',
            '1935-06-23',
            '3065266782',
            1,
            1,
            1,
            20,
            40
      ),
      (
            '3032f98a-6504-4ddc-8967-44dc64157209',
            'user3',
            'prueba',
            '866415070',
            '1962-11-20',
            '3113275948',
            1,
            1,
            1,
            42,
            15
      ),
      (
            '35b258c9-2260-4fd7-a2e2-919e6a815bee',
            'user4',
            'prueba',
            '200208702',
            '1936-04-19',
            '3283156049',
            1,
            1,
            1,
            12,
            31
      ),
      (
            'a13b80bf-72f0-46d1-9282-2e0dbff4bb5b',
            'user5',
            'prueba',
            '360649057',
            '1949-08-05',
            '3206999786',
            1,
            1,
            1,
            11,
            47
      ),
      (
            '4be2de27-5b48-4ca4-a5d8-72d1fd5b2761',
            'user6',
            'prueba',
            '607265683',
            '1989-01-21',
            '3026416977',
            1,
            1,
            1,
            28,
            20
      ),
      (
            '21addaed-74c4-4457-b828-cb0fd9c37f1e',
            'user7',
            'prueba',
            '719652389',
            '1969-01-08',
            '3175157243',
            1,
            1,
            1,
            44,
            26
      ),
      (
            'd8145514-4fc9-4b6f-8ae5-6458c636f399',
            'user8',
            'prueba',
            '873374880',
            '1951-09-10',
            '3136456382',
            1,
            1,
            1,
            30,
            36
      ),
      (
            '6067ae38-674a-446e-a454-de11f1ee8321',
            'user9',
            'prueba',
            '118657937',
            '1981-06-04',
            '3225857809',
            1,
            1,
            1,
            49,
            8
      ),
      (
            '38a344df-5d3d-4133-ac81-c5f274d2923e',
            'user10',
            'prueba',
            '1184361334',
            '2000-06-25',
            '3238874965',
            1,
            1,
            1,
            10,
            31
      ),
      (
            '2b372f5e-7635-4d8e-89e4-c608c8fc1c9e',
            'user11',
            'prueba',
            '1142998490',
            '1960-08-07',
            '3266438993',
            1,
            1,
            1,
            1,
            10
      ),
      (
            '582c5616-6da4-4aa6-a99d-aed932223e84',
            'user12',
            'prueba',
            '12061893',
            '1961-07-16',
            '3207040104',
            1,
            1,
            1,
            39,
            2
      ),
      (
            '6fbb00d3-201d-4ff2-9e9d-8dc42ed31a4f',
            'user13',
            'prueba',
            '1111418826',
            '1950-03-08',
            '3044266250',
            1,
            1,
            1,
            29,
            21
      ),
      (
            '37ba143e-687b-4526-b791-bd3ddb46c85d',
            'user14',
            'prueba',
            '203097397',
            '1972-03-04',
            '3018756957',
            1,
            1,
            1,
            28,
            15
      ),
      (
            'eb3f7bae-ba62-4354-82bb-ac375b237a29',
            'user15',
            'prueba',
            '1108469823',
            '1991-06-14',
            '3206295989',
            1,
            1,
            1,
            15,
            26
      ),
      (
            '8be88bf7-9fe8-4b87-a747-7345e6ecf703',
            'user16',
            'prueba',
            '1046597730',
            '1928-12-09',
            '3254255760',
            1,
            1,
            1,
            8,
            48
      ),
      (
            'c0e7583c-c0c2-4ec2-8011-2c8f88c78e6c',
            'user17',
            'prueba',
            '1338858347',
            '1958-01-06',
            '3034190315',
            1,
            1,
            1,
            28,
            8
      ),
      (
            '5f51836d-c0f9-47c0-b737-71d525180ee2',
            'user18',
            'prueba',
            '189081831',
            '1986-03-27',
            '3258700724',
            1,
            1,
            1,
            4,
            21
      ),
      (
            'b4928d67-bcc5-47c4-a363-7185675a460d',
            'user19',
            'prueba',
            '181097797',
            '1940-07-19',
            '3285012225',
            1,
            1,
            1,
            4,
            20
      ),
      (
            'dddcd246-61d1-4f4f-a97e-808692dd8859',
            'user20',
            'prueba',
            '738649210',
            '1998-11-18',
            '3216051674',
            1,
            1,
            1,
            49,
            29
      ),
      (
            '79fceb3d-58b5-47bd-9415-9a280957ca8c',
            'user21',
            'prueba',
            '385896106',
            '1970-09-13',
            '3172774304',
            1,
            1,
            1,
            27,
            27
      ),
      (
            'e1955ad3-d214-4a15-9c7f-6ba8109242ce',
            'user22',
            'prueba',
            '1187555554',
            '1977-12-24',
            '3294288882',
            1,
            1,
            1,
            6,
            1
      ),
      (
            'e74e09cd-0b40-4600-bdaa-62ebf1de99d6',
            'user23',
            'prueba',
            '518934030',
            '1931-09-27',
            '3058838916',
            1,
            1,
            1,
            27,
            19
      ),
      (
            '133ff367-226f-4ce8-af17-f26c221b3295',
            'user24',
            'prueba',
            '269060857',
            '1936-07-22',
            '3203014306',
            1,
            1,
            1,
            38,
            9
      ),
      (
            '9c5e3607-75e6-4423-aa73-a5ac61555ec0',
            'user25',
            'prueba',
            '15098013',
            '2000-12-15',
            '3184450337',
            1,
            1,
            1,
            36,
            2
      ),
      (
            'eaa9afb5-3007-4947-82ac-b140ee77ac76',
            'user26',
            'prueba',
            '1163536528',
            '1988-06-04',
            '3288583097',
            1,
            1,
            1,
            21,
            31
      ),
      (
            '13f48a32-58e9-41e4-9a09-285a6e291004',
            'user27',
            'prueba',
            '691065754',
            '1995-06-28',
            '3208185393',
            1,
            1,
            1,
            7,
            30
      ),
      (
            '36d57497-38a5-40f7-aafe-bb324d194d7f',
            'user28',
            'prueba',
            '908761497',
            '1942-09-21',
            '3253695110',
            1,
            1,
            1,
            42,
            21
      ),
      (
            '792ebda1-900a-4e89-9ad5-4c4b3d28f7c6',
            'user29',
            'prueba',
            '653991963',
            '2003-11-14',
            '3165225540',
            1,
            1,
            1,
            39,
            49
      ),
      (
            '0c2031a0-417b-4072-a685-951d0c7b9e39',
            'user30',
            'prueba',
            '318068519',
            '1997-02-01',
            '3088392300',
            1,
            1,
            1,
            32,
            42
      ),
      (
            'fe255577-18c5-4918-a9c3-650f008ba8fc',
            'user31',
            'prueba',
            '632828045',
            '1945-04-08',
            '3097281484',
            1,
            1,
            1,
            38,
            2
      ),
      (
            '28e627e0-45f1-40e0-b64a-a44e57f5d1ca',
            'user32',
            'prueba',
            '230736428',
            '1965-01-22',
            '3278902457',
            1,
            1,
            1,
            46,
            16
      ),
      (
            'c93b081c-41f6-4e6c-b962-99a8c189f4be',
            'user33',
            'prueba',
            '716715755',
            '1962-08-24',
            '3065841067',
            1,
            1,
            1,
            10,
            5
      ),
      (
            '4b11d1f1-bdf6-4fe5-bded-00b46e3ca320',
            'user34',
            'prueba',
            '386400840',
            '2002-06-24',
            '3277157323',
            1,
            1,
            1,
            15,
            47
      ),
      (
            '9fe8a282-2048-4739-a86c-9b79b1b319b8',
            'user35',
            'prueba',
            '778579437',
            '1980-12-09',
            '3195522572',
            1,
            1,
            1,
            27,
            31
      ),
      (
            '403779c2-9826-4385-89a6-43c27ee2a4ee',
            'user36',
            'prueba',
            '685288418',
            '1935-06-09',
            '3024911352',
            1,
            1,
            1,
            36,
            4
      ),
      (
            '19736cd4-3792-4346-84c8-698f9e745970',
            'user37',
            'prueba',
            '833042949',
            '1997-01-11',
            '3264733203',
            1,
            1,
            1,
            47,
            6
      ),
      (
            '6882a73d-ff02-4d86-88d6-46e2e29f2117',
            'user38',
            'prueba',
            '1094620477',
            '1990-01-20',
            '3227543946',
            1,
            1,
            1,
            33,
            23
      ),
      (
            'ca0bd440-5e24-4fc5-b5aa-1108c65ac8f4',
            'user39',
            'prueba',
            '270789991',
            '1943-05-07',
            '3215988968',
            1,
            1,
            1,
            13,
            24
      ),
      (
            '8942b50c-f7e9-46af-825a-c0ef4c412c12',
            'user40',
            'prueba',
            '537595242',
            '1987-08-05',
            '3114063150',
            1,
            1,
            1,
            45,
            11
      ),
      (
            'cf58ff1d-f2e6-4452-ad78-58c98edc44fc',
            'user41',
            'prueba',
            '299756337',
            '1997-12-20',
            '3056554291',
            1,
            1,
            1,
            10,
            10
      ),
      (
            'e335e182-8dee-45f4-9b4e-e3ddffb6892c',
            'user42',
            'prueba',
            '145337462',
            '1927-09-27',
            '3066927301',
            1,
            1,
            1,
            43,
            40
      ),
      (
            '861aa08c-55b2-4989-8627-3c32ab143718',
            'user43',
            'prueba',
            '1261810965',
            '1964-07-20',
            '3244682609',
            1,
            1,
            1,
            16,
            14
      ),
      (
            '691e73e2-3cbf-4c73-b3df-6aab4b0c5c92',
            'user44',
            'prueba',
            '931813464',
            '1961-12-09',
            '3027427946',
            1,
            1,
            1,
            10,
            40
      ),
      (
            'bce252b9-fd69-4760-906a-4f2f8adff3b2',
            'user45',
            'prueba',
            '287462292',
            '1991-02-24',
            '3257780358',
            1,
            1,
            1,
            36,
            7
      ),
      (
            '6b24f97a-7831-4417-9b38-b784d28356e3',
            'user46',
            'prueba',
            '46994875',
            '1975-03-13',
            '3162771546',
            1,
            1,
            1,
            41,
            42
      ),
      (
            '87a32d63-88a4-406c-973b-a706ecab8c61',
            'user47',
            'prueba',
            '332024521',
            '1989-03-03',
            '3196081085',
            1,
            1,
            1,
            1,
            47
      ),
      (
            'ffd70a4f-ca7a-4a4d-a4cd-282939e84803',
            'user48',
            'prueba',
            '1207689299',
            '1929-06-03',
            '3115854198',
            1,
            1,
            1,
            50,
            17
      ),
      (
            '7d34b39f-6c7c-4077-b004-7ae554ed6f7d',
            'user49',
            'prueba',
            '88229391',
            '1962-09-28',
            '3152764462',
            1,
            1,
            1,
            29,
            4
      ),
      (
            '4271cc47-b5be-4ed0-83df-b7dd03149752',
            'user50',
            'prueba',
            '266603162',
            '1992-02-22',
            '3073022854',
            1,
            1,
            1,
            22,
            13
      ),
      (
            '36b4172a-6284-4f74-9393-5df4f22a0d36',
            'user51',
            'prueba',
            '439828598',
            '1974-08-09',
            '3132733274',
            1,
            1,
            1,
            42,
            33
      ),
      (
            '49d0191e-7705-43fc-a6ec-a8f381c21c46',
            'user52',
            'prueba',
            '303068323',
            '1951-05-14',
            '3114049906',
            1,
            1,
            1,
            27,
            44
      ),
      (
            'e0c7d426-6a13-415b-bf2c-592488356359',
            'user53',
            'prueba',
            '1117728103',
            '1960-02-07',
            '3134765975',
            1,
            1,
            1,
            1,
            34
      ),
      (
            '66b40e02-b66e-4d4e-a5b4-dcb3b2edef08',
            'user54',
            'prueba',
            '142925767',
            '1959-08-26',
            '3034476721',
            1,
            1,
            1,
            20,
            47
      ),
      (
            '6ef1bb96-18f1-44b2-bfd5-5f895851f3ff',
            'user55',
            'prueba',
            '701244892',
            '1959-04-13',
            '3184552475',
            1,
            1,
            1,
            8,
            10
      ),
      (
            '99d29852-0ed5-4fc4-82c8-fd9313e619db',
            'user56',
            'prueba',
            '1117764444',
            '1975-03-07',
            '3098882343',
            1,
            1,
            1,
            40,
            11
      ),
      (
            '1e9b7d2f-b9f3-4234-a10d-f232e2a9aaa5',
            'user57',
            'prueba',
            '538319075',
            '1976-08-18',
            '3287891621',
            1,
            1,
            1,
            32,
            16
      ),
      (
            'f85b0c63-d5bb-439e-ba6f-84bf9f5abde9',
            'user58',
            'prueba',
            '296080218',
            '1940-05-05',
            '3215908223',
            1,
            1,
            1,
            4,
            2
      ),
      (
            '91b41dfa-1c87-41e9-85c8-c10c18321fa7',
            'user59',
            'prueba',
            '1358691130',
            '1989-04-20',
            '3068877715',
            1,
            1,
            1,
            50,
            35
      ),
      (
            '7d2f3991-0fb9-4fc2-9d9b-1bd7da28c0f7',
            'user60',
            'prueba',
            '801814685',
            '1991-09-17',
            '3078483332',
            1,
            1,
            1,
            10,
            48
      ),
      (
            '9616c9ef-f7ac-4c27-ae8c-702e2c608c32',
            'user61',
            'prueba',
            '467956151',
            '2002-09-24',
            '3028617411',
            1,
            1,
            1,
            11,
            20
      ),
      (
            '9561a99c-f714-40e1-a7ba-61d92bb5d9e1',
            'user62',
            'prueba',
            '533327726',
            '2004-03-07',
            '3045887832',
            1,
            1,
            1,
            23,
            16
      ),
      (
            'cad7c322-e0f0-49dd-9912-6245a229c2de',
            'user63',
            'prueba',
            '25114499',
            '1956-08-05',
            '3053010457',
            1,
            1,
            1,
            19,
            20
      ),
      (
            '7bd3d1af-9c13-4a69-aa46-aeb6f53f83ef',
            'user64',
            'prueba',
            '101676228',
            '1964-07-21',
            '3226297879',
            1,
            1,
            1,
            21,
            42
      ),
      (
            '1f33888c-4bfe-473d-a979-84150e78258b',
            'user65',
            'prueba',
            '616022567',
            '1933-09-11',
            '3094994081',
            1,
            1,
            1,
            39,
            48
      ),
      (
            '8da25148-7157-4edb-8471-9d6562c758c1',
            'user66',
            'prueba',
            '850207093',
            '1953-01-14',
            '3243812156',
            1,
            1,
            1,
            44,
            17
      ),
      (
            '5333239b-0ff0-479b-8f21-1d7fb2cc1e40',
            'user67',
            'prueba',
            '680775982',
            '1971-04-16',
            '3076365825',
            1,
            1,
            1,
            47,
            31
      ),
      (
            'ff57c4a7-aa9f-46fa-a7da-77bfcb916446',
            'user68',
            'prueba',
            '518096625',
            '1971-12-01',
            '3017503631',
            1,
            1,
            1,
            11,
            23
      ),
      (
            'e4d4b43e-331a-4d19-93b2-e0f707bd3104',
            'user69',
            'prueba',
            '212699217',
            '1950-07-24',
            '3146055266',
            1,
            1,
            1,
            9,
            46
      ),
      (
            '1f8ef4d4-29eb-4d08-9bef-dd3b0d23d5b9',
            'user70',
            'prueba',
            '532496897',
            '1933-03-02',
            '3184380596',
            1,
            1,
            1,
            45,
            12
      ),
      (
            '87870338-c24d-4877-a040-c7cb97581edf',
            'user71',
            'prueba',
            '657823002',
            '1977-08-07',
            '3076086836',
            1,
            1,
            1,
            2,
            39
      ),
      (
            '88c663a3-8b25-4577-8761-3fc765e12748',
            'user72',
            'prueba',
            '415703435',
            '1938-03-09',
            '3005753496',
            1,
            1,
            1,
            17,
            21
      ),
      (
            'a7a3cad4-9b25-45f9-86f2-eeba375ebd2d',
            'user73',
            'prueba',
            '183868189',
            '1941-03-22',
            '3278398090',
            1,
            1,
            1,
            48,
            50
      ),
      (
            '139417a9-cb14-49b2-bf70-ac4ba244f3a0',
            'user74',
            'prueba',
            '706322043',
            '1951-07-20',
            '3235302487',
            1,
            1,
            1,
            23,
            12
      ),
      (
            '01a3f49c-2785-4d62-a07a-1121b580c7f8',
            'user75',
            'prueba',
            '1184039809',
            '1936-01-14',
            '3094085302',
            1,
            1,
            1,
            2,
            13
      ),
      (
            '99380b3b-a444-4365-a3d0-8b715cc64ddb',
            'user76',
            'prueba',
            '1092880385',
            '1952-08-18',
            '3254542835',
            1,
            1,
            1,
            38,
            7
      ),
      (
            '70dd908b-7b5c-4fc5-befe-f2a905184e93',
            'user77',
            'prueba',
            '433905849',
            '1954-09-22',
            '3134086430',
            1,
            1,
            1,
            15,
            13
      ),
      (
            '25dbb2e6-1e24-4b2f-b3f7-b5bb522011e9',
            'user78',
            'prueba',
            '129830832',
            '1948-12-01',
            '3157234394',
            1,
            1,
            1,
            32,
            4
      ),
      (
            '67b4c061-7e31-4edd-a263-f1cd18c33e02',
            'user79',
            'prueba',
            '489656750',
            '1967-07-07',
            '3128319559',
            1,
            1,
            1,
            32,
            18
      ),
      (
            '14667172-a343-495b-b678-592f609ba63c',
            'user80',
            'prueba',
            '225022694',
            '1972-10-12',
            '3078617798',
            1,
            1,
            1,
            41,
            34
      ),
      (
            'd989e5f8-ce8a-44d5-8faa-85be3bcde84e',
            'user81',
            'prueba',
            '555053693',
            '1926-02-05',
            '3087975062',
            1,
            1,
            1,
            11,
            3
      ),
      (
            '750b0e12-b49b-43b0-860f-9d89de7677eb',
            'user82',
            'prueba',
            '320103997',
            '1993-11-01',
            '3205003447',
            1,
            1,
            1,
            2,
            31
      ),
      (
            '9c55eeb6-317d-48d8-b265-0e3e181884a5',
            'user83',
            'prueba',
            '1081740648',
            '1994-07-02',
            '3097763942',
            1,
            1,
            1,
            48,
            11
      ),
      (
            '9e5d6b08-1b73-4703-b9c2-e4d59e3916b7',
            'user84',
            'prueba',
            '219906440',
            '1971-02-26',
            '3058175689',
            1,
            1,
            1,
            11,
            30
      ),
      (
            'f47f3790-360e-43e8-a4b0-4142618084f3',
            'user85',
            'prueba',
            '402425279',
            '1925-10-04',
            '3185494045',
            1,
            1,
            1,
            48,
            27
      ),
      (
            '86909d34-f4e5-4eb1-88d5-f658ee840c19',
            'user86',
            'prueba',
            '832008307',
            '1959-03-21',
            '3275393693',
            1,
            1,
            1,
            39,
            33
      ),
      (
            '5ad0fae3-8805-4498-9ea7-f1b6c435097c',
            'user87',
            'prueba',
            '627492107',
            '1965-07-27',
            '3035110644',
            1,
            1,
            1,
            41,
            31
      ),
      (
            '5a796f73-1013-4b94-88b8-159703c41579',
            'user88',
            'prueba',
            '754646083',
            '1941-11-16',
            '3266168285',
            1,
            1,
            1,
            38,
            24
      ),
      (
            '7cdd0902-07f6-4775-87e5-685e2619e4d0',
            'user89',
            'prueba',
            '1105958922',
            '1999-03-13',
            '3292979857',
            1,
            1,
            1,
            32,
            39
      ),
      (
            '62cfd944-e881-4d8c-a767-624ad3f31ad5',
            'user90',
            'prueba',
            '373442632',
            '1952-07-23',
            '3193181624',
            1,
            1,
            1,
            32,
            35
      ),
      (
            '60039800-d29e-49f7-893d-a9fd88e1bec6',
            'user91',
            'prueba',
            '926308564',
            '1982-09-02',
            '3016932731',
            1,
            1,
            1,
            1,
            13
      ),
      (
            '25698b79-720a-4da1-9fb2-eef751e24b47',
            'user92',
            'prueba',
            '179589904',
            '1944-08-13',
            '3137765072',
            1,
            1,
            1,
            34,
            21
      ),
      (
            'f01a31f2-73a5-4287-a329-29625b81a6c1',
            'user93',
            'prueba',
            '954199892',
            '1939-07-20',
            '3276143852',
            1,
            1,
            1,
            39,
            24
      ),
      (
            '96277cb5-73c4-4d8c-aa67-b860c92354a9',
            'user94',
            'prueba',
            '206276182',
            '1979-07-18',
            '3197557833',
            1,
            1,
            1,
            19,
            4
      ),
      (
            'a665655e-77e6-4e07-95a4-34b5995da519',
            'user95',
            'prueba',
            '357742741',
            '1974-07-25',
            '3297855199',
            1,
            1,
            1,
            3,
            8
      ),
      (
            '78588455-f82a-470e-ae06-6705bcf8cdbc',
            'user96',
            'prueba',
            '1213081796',
            '1949-06-08',
            '3134444764',
            1,
            1,
            1,
            22,
            14
      ),
      (
            '80cb5e6f-0ad1-42d6-942d-f69430311b12',
            'user97',
            'prueba',
            '1260653859',
            '1974-06-16',
            '3166073320',
            1,
            1,
            1,
            43,
            40
      ),
      (
            'aa43e136-3bea-4023-9031-0b84b1c16b9e',
            'user98',
            'prueba',
            '1027274788',
            '1956-01-07',
            '3218828331',
            1,
            1,
            1,
            45,
            3
      ),
      (
            '32b1c30f-75d7-47b3-a174-a35553bdc62d',
            'user99',
            'prueba',
            '100807308',
            '1962-01-17',
            '3007788946',
            1,
            1,
            1,
            6,
            17
      ),
      (
            '57b4a4ab-e918-4806-8004-8fe8bbb85a46',
            'user100',
            'prueba',
            '1158718317',
            '1973-10-19',
            '3064879804',
            1,
            1,
            1,
            12,
            22
      );

INSERT INTO
      [dbo].[users] (
            [userId],
            [userDocumentPath],
            [planId],
            [personId],
            [userPhotoPath],
            [userSignedDocument],
            [validateDocument]
      )
VALUES
      (
            '6fda8768-f17a-42af-bef9-3f1ce4b1dfdf',
            'document.png',
            1,
            'ca938bdd-63cf-49ba-a832-9982e1a973b8',
            '',
            1,
            1
      ),
      (
            '38469b66-d593-45cc-87ae-358b57c32bde',
            'document.png',
            2,
            'e2daf03e-d2a7-4b58-87d0-1bbf2805eb18',
            '',
            1,
            1
      ),
      (
            'cea04d19-d9bb-4487-9abe-5cf3523c43d8',
            'document.png',
            1,
            '3032f98a-6504-4ddc-8967-44dc64157209',
            '',
            1,
            1
      ),
      (
            'f25932fd-9589-4e6f-aa3a-fcaa7e38c345',
            'document.png',
            1,
            '35b258c9-2260-4fd7-a2e2-919e6a815bee',
            '',
            1,
            1
      ),
      (
            '241ff158-2225-49aa-af9e-23ffb3d822b1',
            'document.png',
            3,
            'a13b80bf-72f0-46d1-9282-2e0dbff4bb5b',
            '',
            1,
            1
      ),
      (
            'fb344d76-441f-4bbc-b113-2f5a8505e90d',
            'document.png',
            1,
            '4be2de27-5b48-4ca4-a5d8-72d1fd5b2761',
            '',
            1,
            1
      ),
      (
            'b48e5b56-4b60-4933-b158-5e4684fe4b7f',
            'document.png',
            1,
            '21addaed-74c4-4457-b828-cb0fd9c37f1e',
            '',
            1,
            1
      ),
      (
            '17dbef75-a269-4179-9bea-84f1d5f9190d',
            'document.png',
            3,
            'd8145514-4fc9-4b6f-8ae5-6458c636f399',
            '',
            1,
            1
      ),
      (
            '4e45d812-98f0-4d7c-9f4b-8d6dcb546627',
            'document.png',
            3,
            '6067ae38-674a-446e-a454-de11f1ee8321',
            '',
            1,
            1
      ),
      (
            '81432fab-71a9-4217-a9ce-7417359fa94e',
            'document.png',
            2,
            '38a344df-5d3d-4133-ac81-c5f274d2923e',
            '',
            1,
            1
      ),
      (
            'b9ff2383-cad7-4bcf-8651-885e191e8d5d',
            'document.png',
            2,
            '2b372f5e-7635-4d8e-89e4-c608c8fc1c9e',
            '',
            1,
            1
      ),
      (
            '809fc779-bf72-438d-8f60-076933fea808',
            'document.png',
            2,
            '582c5616-6da4-4aa6-a99d-aed932223e84',
            '',
            1,
            1
      ),
      (
            '1e341bd0-655c-47d9-8ffd-303cd604ef43',
            'document.png',
            1,
            '6fbb00d3-201d-4ff2-9e9d-8dc42ed31a4f',
            '',
            1,
            1
      ),
      (
            'e50c9e1e-fdce-4c67-a638-edb3a3dca2c6',
            'document.png',
            1,
            '37ba143e-687b-4526-b791-bd3ddb46c85d',
            '',
            1,
            1
      ),
      (
            '734f4c09-4347-47ae-8048-10be89466962',
            'document.png',
            3,
            'eb3f7bae-ba62-4354-82bb-ac375b237a29',
            '',
            1,
            1
      ),
      (
            '1a17cc1f-88b8-4c22-a7d5-ffb36b779418',
            'document.png',
            2,
            '8be88bf7-9fe8-4b87-a747-7345e6ecf703',
            '',
            1,
            1
      ),
      (
            'e126b930-9c14-4975-af89-b48ab8278441',
            'document.png',
            2,
            'c0e7583c-c0c2-4ec2-8011-2c8f88c78e6c',
            '',
            1,
            1
      ),
      (
            '96c92bf1-453a-45e6-a366-087ca190be7c',
            'document.png',
            2,
            '5f51836d-c0f9-47c0-b737-71d525180ee2',
            '',
            1,
            1
      ),
      (
            'e7293bfb-f324-4423-9deb-b310cdf34ad5',
            'document.png',
            1,
            'b4928d67-bcc5-47c4-a363-7185675a460d',
            '',
            1,
            1
      ),
      (
            'ccb7181d-fdad-4efa-b8cc-8ddc4259db76',
            'document.png',
            2,
            'dddcd246-61d1-4f4f-a97e-808692dd8859',
            '',
            1,
            1
      ),
      (
            '4ee3ed21-7059-4f36-9530-1a2f3ec52ba8',
            'document.png',
            3,
            '79fceb3d-58b5-47bd-9415-9a280957ca8c',
            '',
            1,
            1
      ),
      (
            'b3c2b4e6-94f7-41f3-bbf6-cfb0d56f51ec',
            'document.png',
            2,
            'e1955ad3-d214-4a15-9c7f-6ba8109242ce',
            '',
            1,
            1
      ),
      (
            'baad2214-7c7f-4494-9f19-b1d8e15d8553',
            'document.png',
            3,
            'e74e09cd-0b40-4600-bdaa-62ebf1de99d6',
            '',
            1,
            1
      ),
      (
            '2a68d097-34be-4843-9af0-672623d98a91',
            'document.png',
            3,
            '133ff367-226f-4ce8-af17-f26c221b3295',
            '',
            1,
            1
      ),
      (
            '51ec5432-3ee8-4269-ab2c-43140a627aef',
            'document.png',
            2,
            '9c5e3607-75e6-4423-aa73-a5ac61555ec0',
            '',
            1,
            1
      ),
      (
            '0222fe36-769a-4710-8718-a60f3b589a74',
            'document.png',
            1,
            'eaa9afb5-3007-4947-82ac-b140ee77ac76',
            '',
            1,
            1
      ),
      (
            'e504fe6a-b5e3-4fb9-8fd3-33fabf49c3f5',
            'document.png',
            2,
            '13f48a32-58e9-41e4-9a09-285a6e291004',
            '',
            1,
            1
      ),
      (
            'c84b1964-934b-43e0-a928-f7a998b0f85f',
            'document.png',
            2,
            '36d57497-38a5-40f7-aafe-bb324d194d7f',
            '',
            1,
            1
      ),
      (
            '98e4ad7b-eda7-4e03-893d-3dbb7bc56eaf',
            'document.png',
            1,
            '792ebda1-900a-4e89-9ad5-4c4b3d28f7c6',
            '',
            1,
            1
      ),
      (
            '2a4d3431-c2dc-459d-b34c-4234004c87a2',
            'document.png',
            3,
            '0c2031a0-417b-4072-a685-951d0c7b9e39',
            '',
            1,
            1
      ),
      (
            '0562f065-c0a3-4c17-8db7-efe43e7342b7',
            'document.png',
            1,
            'fe255577-18c5-4918-a9c3-650f008ba8fc',
            '',
            1,
            1
      ),
      (
            '6ae9d351-3ebc-4bc0-9e4b-4836995fe9b8',
            'document.png',
            3,
            '28e627e0-45f1-40e0-b64a-a44e57f5d1ca',
            '',
            1,
            1
      ),
      (
            'bf71f84a-bc42-4c47-bd22-3bd97c356cf5',
            'document.png',
            2,
            'c93b081c-41f6-4e6c-b962-99a8c189f4be',
            '',
            1,
            1
      ),
      (
            '0826be78-b185-4130-a7ff-01f65dae45b4',
            'document.png',
            3,
            '4b11d1f1-bdf6-4fe5-bded-00b46e3ca320',
            '',
            1,
            1
      ),
      (
            '63dd327f-2242-40c7-a68d-109912e0d5ac',
            'document.png',
            1,
            '9fe8a282-2048-4739-a86c-9b79b1b319b8',
            '',
            1,
            1
      ),
      (
            '6722100b-67aa-4412-a53a-3699ca5351a4',
            'document.png',
            2,
            '403779c2-9826-4385-89a6-43c27ee2a4ee',
            '',
            1,
            1
      ),
      (
            'a3b515b8-e7f2-44e8-bf44-d8abc8348d19',
            'document.png',
            1,
            '19736cd4-3792-4346-84c8-698f9e745970',
            '',
            1,
            1
      ),
      (
            '821dbcf7-85c7-4e88-802e-1085eb4396c9',
            'document.png',
            3,
            '6882a73d-ff02-4d86-88d6-46e2e29f2117',
            '',
            1,
            1
      ),
      (
            '97c98390-a748-4073-a9ef-ac5e5387289b',
            'document.png',
            2,
            'ca0bd440-5e24-4fc5-b5aa-1108c65ac8f4',
            '',
            1,
            1
      ),
      (
            'e89a0dd8-8714-48c0-9922-5c29265ae3ef',
            'document.png',
            2,
            '8942b50c-f7e9-46af-825a-c0ef4c412c12',
            '',
            1,
            1
      ),
      (
            'ffd63ef0-70eb-4826-9138-fd38c8280dd6',
            'document.png',
            2,
            'cf58ff1d-f2e6-4452-ad78-58c98edc44fc',
            '',
            1,
            1
      ),
      (
            '82b22e87-7879-4756-b842-03e1f3a4c6c5',
            'document.png',
            3,
            'e335e182-8dee-45f4-9b4e-e3ddffb6892c',
            '',
            1,
            1
      ),
      (
            '7e05872b-e7fb-48aa-8d64-95563ce8e163',
            'document.png',
            2,
            '861aa08c-55b2-4989-8627-3c32ab143718',
            '',
            1,
            1
      ),
      (
            '8e6a85bb-a770-4783-a14d-2e3fa3c7a647',
            'document.png',
            1,
            '691e73e2-3cbf-4c73-b3df-6aab4b0c5c92',
            '',
            1,
            1
      ),
      (
            '5261c9c3-f488-4960-855e-25b60014d441',
            'document.png',
            1,
            'bce252b9-fd69-4760-906a-4f2f8adff3b2',
            '',
            1,
            1
      ),
      (
            '51bd4187-5afd-4516-a09d-7300062d047f',
            'document.png',
            3,
            '6b24f97a-7831-4417-9b38-b784d28356e3',
            '',
            1,
            1
      ),
      (
            'fbf8b150-bebd-4ea5-bfca-0c99f1df121c',
            'document.png',
            2,
            '87a32d63-88a4-406c-973b-a706ecab8c61',
            '',
            1,
            1
      ),
      (
            'cabdb7bd-6d2e-4132-8e94-cb9061c38e2e',
            'document.png',
            3,
            'ffd70a4f-ca7a-4a4d-a4cd-282939e84803',
            '',
            1,
            1
      ),
      (
            'a73e1118-a45e-4066-8dab-77f6e98d52da',
            'document.png',
            3,
            '7d34b39f-6c7c-4077-b004-7ae554ed6f7d',
            '',
            1,
            1
      ),
      (
            '3ecb5533-1357-4371-a608-ddcab398392d',
            'document.png',
            2,
            '4271cc47-b5be-4ed0-83df-b7dd03149752',
            '',
            1,
            1
      ),
      (
            '53fa60b0-6ca5-4acb-bb01-aa4f5f18ebb1',
            'document.png',
            2,
            '36b4172a-6284-4f74-9393-5df4f22a0d36',
            '',
            1,
            1
      ),
      (
            '09b63501-3b4a-4466-9127-d9813d509be6',
            'document.png',
            1,
            '49d0191e-7705-43fc-a6ec-a8f381c21c46',
            '',
            1,
            1
      ),
      (
            '2168ab2b-05ad-43f8-b0ee-0fec8aac03c6',
            'document.png',
            1,
            'e0c7d426-6a13-415b-bf2c-592488356359',
            '',
            1,
            1
      ),
      (
            '8f190b4d-436d-43ff-88dd-c9d5e14cbc2b',
            'document.png',
            2,
            '66b40e02-b66e-4d4e-a5b4-dcb3b2edef08',
            '',
            1,
            1
      ),
      (
            '4206888e-1967-4e38-a2f5-205a2ad551ad',
            'document.png',
            2,
            '6ef1bb96-18f1-44b2-bfd5-5f895851f3ff',
            '',
            1,
            1
      ),
      (
            '34d80582-339b-487e-9c87-9e8af7ec8692',
            'document.png',
            1,
            '99d29852-0ed5-4fc4-82c8-fd9313e619db',
            '',
            1,
            1
      ),
      (
            '72e6e8e6-2963-47f0-8390-5f88d1d86ec9',
            'document.png',
            1,
            '1e9b7d2f-b9f3-4234-a10d-f232e2a9aaa5',
            '',
            1,
            1
      ),
      (
            'ba44c96a-773f-4adb-92ac-db2f50d65033',
            'document.png',
            3,
            'f85b0c63-d5bb-439e-ba6f-84bf9f5abde9',
            '',
            1,
            1
      ),
      (
            'e1ee7e94-39c8-456c-90ee-acf80784146c',
            'document.png',
            3,
            '91b41dfa-1c87-41e9-85c8-c10c18321fa7',
            '',
            1,
            1
      ),
      (
            '1b3982a3-ef45-43f1-8233-e0f8fd093987',
            'document.png',
            1,
            '7d2f3991-0fb9-4fc2-9d9b-1bd7da28c0f7',
            '',
            1,
            1
      ),
      (
            '8cb329e3-a74b-4036-a31a-69d43798eb35',
            'document.png',
            3,
            '9616c9ef-f7ac-4c27-ae8c-702e2c608c32',
            '',
            1,
            1
      ),
      (
            '6fe5f5d2-8712-4e06-9eb3-f73a35173949',
            'document.png',
            1,
            '9561a99c-f714-40e1-a7ba-61d92bb5d9e1',
            '',
            1,
            1
      ),
      (
            '07ce7439-dbe2-4e38-8189-e01256ed6c1d',
            'document.png',
            2,
            'cad7c322-e0f0-49dd-9912-6245a229c2de',
            '',
            1,
            1
      ),
      (
            '09ad224f-33b5-4acc-a475-8d76f5736ac1',
            'document.png',
            3,
            '7bd3d1af-9c13-4a69-aa46-aeb6f53f83ef',
            '',
            1,
            1
      ),
      (
            '97d80f5a-54a4-414d-ba52-003482ffad6d',
            'document.png',
            2,
            '1f33888c-4bfe-473d-a979-84150e78258b',
            '',
            1,
            1
      ),
      (
            'a6db0ca9-357b-4fd5-a2c4-d6a73c550466',
            'document.png',
            1,
            '8da25148-7157-4edb-8471-9d6562c758c1',
            '',
            1,
            1
      ),
      (
            '383e8cf4-75bd-4d85-86fb-33e80d6259bf',
            'document.png',
            3,
            '5333239b-0ff0-479b-8f21-1d7fb2cc1e40',
            '',
            1,
            1
      ),
      (
            '170033df-b112-4c2d-9286-585f4bd2f0d9',
            'document.png',
            3,
            'ff57c4a7-aa9f-46fa-a7da-77bfcb916446',
            '',
            1,
            1
      ),
      (
            '79200643-fcd6-4a04-9978-e776330d285b',
            'document.png',
            1,
            'e4d4b43e-331a-4d19-93b2-e0f707bd3104',
            '',
            1,
            1
      ),
      (
            '1459ceba-4ee5-4481-af56-b416d49b978f',
            'document.png',
            1,
            '1f8ef4d4-29eb-4d08-9bef-dd3b0d23d5b9',
            '',
            1,
            1
      ),
      (
            'f6043658-83fc-4bd0-a94f-63d3ec28a473',
            'document.png',
            3,
            '87870338-c24d-4877-a040-c7cb97581edf',
            '',
            1,
            1
      ),
      (
            '34161782-1743-4986-b470-3e4125e36f98',
            'document.png',
            1,
            '88c663a3-8b25-4577-8761-3fc765e12748',
            '',
            1,
            1
      ),
      (
            '796abdb1-ce44-48e5-a6a1-29aad34fda08',
            'document.png',
            3,
            'a7a3cad4-9b25-45f9-86f2-eeba375ebd2d',
            '',
            1,
            1
      ),
      (
            '9858e530-aa8d-444e-906a-ae0c76080c47',
            'document.png',
            3,
            '139417a9-cb14-49b2-bf70-ac4ba244f3a0',
            '',
            1,
            1
      ),
      (
            'd412808e-805a-46d9-994e-e0863aabed6d',
            'document.png',
            2,
            '01a3f49c-2785-4d62-a07a-1121b580c7f8',
            '',
            1,
            1
      ),
      (
            '1bc7717d-0f07-4d9a-ad93-c88e9c2fb188',
            'document.png',
            1,
            '99380b3b-a444-4365-a3d0-8b715cc64ddb',
            '',
            1,
            1
      ),
      (
            '9ea28a91-ebd9-4cb0-b556-6114859e6adf',
            'document.png',
            3,
            '70dd908b-7b5c-4fc5-befe-f2a905184e93',
            '',
            1,
            1
      ),
      (
            '75677514-a2e0-481e-b0b6-bee676177f36',
            'document.png',
            1,
            '25dbb2e6-1e24-4b2f-b3f7-b5bb522011e9',
            '',
            1,
            1
      ),
      (
            '86cf71a7-2ed0-4461-8b79-8f01d538ad86',
            'document.png',
            2,
            '67b4c061-7e31-4edd-a263-f1cd18c33e02',
            '',
            1,
            1
      ),
      (
            '475bc1d8-8ead-4341-87df-a4254f6c7cc7',
            'document.png',
            3,
            '14667172-a343-495b-b678-592f609ba63c',
            '',
            1,
            1
      ),
      (
            'cdba76db-fb4f-4949-8e6a-dcd732f60166',
            'document.png',
            2,
            'd989e5f8-ce8a-44d5-8faa-85be3bcde84e',
            '',
            1,
            1
      ),
      (
            'ce9e7c12-50ca-4fca-922d-3a4051394407',
            'document.png',
            3,
            '750b0e12-b49b-43b0-860f-9d89de7677eb',
            '',
            1,
            1
      ),
      (
            '5e6117dd-2af7-4cf3-a403-379c589906b1',
            'document.png',
            3,
            '9c55eeb6-317d-48d8-b265-0e3e181884a5',
            '',
            1,
            1
      ),
      (
            'c83a2f26-e99e-4d34-9321-ee6c9eee9a24',
            'document.png',
            3,
            '9e5d6b08-1b73-4703-b9c2-e4d59e3916b7',
            '',
            1,
            1
      ),
      (
            '9d82a4ce-fc8b-414d-a3df-27f5064e3a41',
            'document.png',
            1,
            'f47f3790-360e-43e8-a4b0-4142618084f3',
            '',
            1,
            1
      ),
      (
            'ccb50ee3-35af-43f5-a516-37d20496c7df',
            'document.png',
            1,
            '86909d34-f4e5-4eb1-88d5-f658ee840c19',
            '',
            1,
            1
      ),
      (
            '69f3cb3c-b5b6-4df5-ad73-c47e21e107b9',
            'document.png',
            2,
            '5ad0fae3-8805-4498-9ea7-f1b6c435097c',
            '',
            1,
            1
      ),
      (
            'a0beaf0c-3c2b-49d5-8719-5a32cfab3263',
            'document.png',
            3,
            '5a796f73-1013-4b94-88b8-159703c41579',
            '',
            1,
            1
      ),
      (
            '9b040210-922a-42a6-9c74-c3db0bf95375',
            'document.png',
            3,
            '7cdd0902-07f6-4775-87e5-685e2619e4d0',
            '',
            1,
            1
      ),
      (
            'e2da61cd-89e2-4f0d-993c-3a73320f6d9c',
            'document.png',
            1,
            '62cfd944-e881-4d8c-a767-624ad3f31ad5',
            '',
            1,
            1
      ),
      (
            '57eabf2e-980b-477f-892e-084c34f8f968',
            'document.png',
            1,
            '60039800-d29e-49f7-893d-a9fd88e1bec6',
            '',
            1,
            1
      ),
      (
            '6838cf16-354b-478e-b3fd-1cb7fbedd7ee',
            'document.png',
            1,
            '25698b79-720a-4da1-9fb2-eef751e24b47',
            '',
            1,
            1
      ),
      (
            '69f6c67c-2ac7-44f6-9441-4c386c9d142f',
            'document.png',
            2,
            'f01a31f2-73a5-4287-a329-29625b81a6c1',
            '',
            1,
            1
      ),
      (
            'ebcc554e-ac71-4e42-ab86-be37a8cd606b',
            'document.png',
            3,
            '96277cb5-73c4-4d8c-aa67-b860c92354a9',
            '',
            1,
            1
      ),
      (
            '68cd23f5-607e-4cbc-bb96-9b66d319959e',
            'document.png',
            2,
            'a665655e-77e6-4e07-95a4-34b5995da519',
            '',
            1,
            1
      ),
      (
            'c70e0f4a-103b-40c2-bfcc-a87d53ab1be9',
            'document.png',
            2,
            '78588455-f82a-470e-ae06-6705bcf8cdbc',
            '',
            1,
            1
      ),
      (
            '12458b60-4ba1-4921-9a43-4b2ed90c7420',
            'document.png',
            2,
            '80cb5e6f-0ad1-42d6-942d-f69430311b12',
            '',
            1,
            1
      ),
      (
            '5110952c-73e0-41e0-b470-8f19152dc814',
            'document.png',
            1,
            'aa43e136-3bea-4023-9031-0b84b1c16b9e',
            '',
            1,
            1
      ),
      (
            '1ee641dc-8df8-457e-8366-ce5bf2d9e5e6',
            'document.png',
            3,
            '32b1c30f-75d7-47b3-a174-a35553bdc62d',
            '',
            1,
            1
      ),
      (
            'acc021fa-cf21-491d-91af-9bea064a4399',
            'document.png',
            2,
            '57b4a4ab-e918-4806-8004-8fe8bbb85a46',
            '',
            1,
            1
      );

INSERT INTO
      [dbo].[white_list] ([userId], [companyId])
VALUES
      (
            '38469b66-d593-45cc-87ae-358b57c32bde',
            'ea38bbdc-018b-ef11-acf8-0ed426d46691'
      ),
      (
            '241ff158-2225-49aa-af9e-23ffb3d822b1',
            'ea38bbdc-018b-ef11-acf8-0ed426d46691'
      ),
      (
            '17dbef75-a269-4179-9bea-84f1d5f9190d',
            'ea38bbdc-018b-ef11-acf8-0ed426d46691'
      ),
      (
            '4e45d812-98f0-4d7c-9f4b-8d6dcb546627',
            'ea38bbdc-018b-ef11-acf8-0ed426d46691'
      ),
      (
            '81432fab-71a9-4217-a9ce-7417359fa94e',
            'ea38bbdc-018b-ef11-acf8-0ed426d46691'
      ),
      (
            'b9ff2383-cad7-4bcf-8651-885e191e8d5d',
            'ea38bbdc-018b-ef11-acf8-0ed426d46691'
      ),
      (
            '809fc779-bf72-438d-8f60-076933fea808',
            'ea38bbdc-018b-ef11-acf8-0ed426d46691'
      ),
      (
            '734f4c09-4347-47ae-8048-10be89466962',
            'ea38bbdc-018b-ef11-acf8-0ed426d46691'
      ),
      (
            '1a17cc1f-88b8-4c22-a7d5-ffb36b779418',
            'ea38bbdc-018b-ef11-acf8-0ed426d46691'
      ),
      (
            'e126b930-9c14-4975-af89-b48ab8278441',
            'ea38bbdc-018b-ef11-acf8-0ed426d46691'
      ),
      (
            '96c92bf1-453a-45e6-a366-087ca190be7c',
            'ea38bbdc-018b-ef11-acf8-0ed426d46691'
      ),
      (
            'ccb7181d-fdad-4efa-b8cc-8ddc4259db76',
            'ea38bbdc-018b-ef11-acf8-0ed426d46691'
      ),
      (
            '4ee3ed21-7059-4f36-9530-1a2f3ec52ba8',
            'ea38bbdc-018b-ef11-acf8-0ed426d46691'
      ),
      (
            'b3c2b4e6-94f7-41f3-bbf6-cfb0d56f51ec',
            'ea38bbdc-018b-ef11-acf8-0ed426d46691'
      ),
      (
            'baad2214-7c7f-4494-9f19-b1d8e15d8553',
            'ea38bbdc-018b-ef11-acf8-0ed426d46691'
      ),
      (
            '2a68d097-34be-4843-9af0-672623d98a91',
            'ea38bbdc-018b-ef11-acf8-0ed426d46691'
      ),
      (
            '51ec5432-3ee8-4269-ab2c-43140a627aef',
            'ea38bbdc-018b-ef11-acf8-0ed426d46691'
      ),
      (
            'e504fe6a-b5e3-4fb9-8fd3-33fabf49c3f5',
            'ea38bbdc-018b-ef11-acf8-0ed426d46691'
      ),
      (
            'c84b1964-934b-43e0-a928-f7a998b0f85f',
            'ea38bbdc-018b-ef11-acf8-0ed426d46691'
      ),
      (
            '2a4d3431-c2dc-459d-b34c-4234004c87a2',
            'ea38bbdc-018b-ef11-acf8-0ed426d46691'
      ),
      (
            '6ae9d351-3ebc-4bc0-9e4b-4836995fe9b8',
            'ea38bbdc-018b-ef11-acf8-0ed426d46691'
      ),
      (
            'bf71f84a-bc42-4c47-bd22-3bd97c356cf5',
            'ea38bbdc-018b-ef11-acf8-0ed426d46691'
      ),
      (
            '0826be78-b185-4130-a7ff-01f65dae45b4',
            'ea38bbdc-018b-ef11-acf8-0ed426d46691'
      ),
      (
            '6722100b-67aa-4412-a53a-3699ca5351a4',
            'ea38bbdc-018b-ef11-acf8-0ed426d46691'
      ),
      (
            '821dbcf7-85c7-4e88-802e-1085eb4396c9',
            'ea38bbdc-018b-ef11-acf8-0ed426d46691'
      ),
      (
            '97c98390-a748-4073-a9ef-ac5e5387289b',
            'ea38bbdc-018b-ef11-acf8-0ed426d46691'
      ),
      (
            'e89a0dd8-8714-48c0-9922-5c29265ae3ef',
            'ea38bbdc-018b-ef11-acf8-0ed426d46691'
      ),
      (
            'ffd63ef0-70eb-4826-9138-fd38c8280dd6',
            'ea38bbdc-018b-ef11-acf8-0ed426d46691'
      ),
      (
            '82b22e87-7879-4756-b842-03e1f3a4c6c5',
            'ea38bbdc-018b-ef11-acf8-0ed426d46691'
      ),
      (
            '7e05872b-e7fb-48aa-8d64-95563ce8e163',
            'ea38bbdc-018b-ef11-acf8-0ed426d46691'
      ),
      (
            '51bd4187-5afd-4516-a09d-7300062d047f',
            'ea38bbdc-018b-ef11-acf8-0ed426d46691'
      ),
      (
            'fbf8b150-bebd-4ea5-bfca-0c99f1df121c',
            'ea38bbdc-018b-ef11-acf8-0ed426d46691'
      ),
      (
            'cabdb7bd-6d2e-4132-8e94-cb9061c38e2e',
            'ea38bbdc-018b-ef11-acf8-0ed426d46691'
      ),
      (
            'a73e1118-a45e-4066-8dab-77f6e98d52da',
            'ea38bbdc-018b-ef11-acf8-0ed426d46691'
      ),
      (
            '3ecb5533-1357-4371-a608-ddcab398392d',
            'ea38bbdc-018b-ef11-acf8-0ed426d46691'
      ),
      (
            '53fa60b0-6ca5-4acb-bb01-aa4f5f18ebb1',
            'ea38bbdc-018b-ef11-acf8-0ed426d46691'
      ),
      (
            '8f190b4d-436d-43ff-88dd-c9d5e14cbc2b',
            'ea38bbdc-018b-ef11-acf8-0ed426d46691'
      ),
      (
            '4206888e-1967-4e38-a2f5-205a2ad551ad',
            'ea38bbdc-018b-ef11-acf8-0ed426d46691'
      ),
      (
            'ba44c96a-773f-4adb-92ac-db2f50d65033',
            'ea38bbdc-018b-ef11-acf8-0ed426d46691'
      ),
      (
            'e1ee7e94-39c8-456c-90ee-acf80784146c',
            'ea38bbdc-018b-ef11-acf8-0ed426d46691'
      ),
      (
            '8cb329e3-a74b-4036-a31a-69d43798eb35',
            'ea38bbdc-018b-ef11-acf8-0ed426d46691'
      ),
      (
            '07ce7439-dbe2-4e38-8189-e01256ed6c1d',
            'ea38bbdc-018b-ef11-acf8-0ed426d46691'
      ),
      (
            '09ad224f-33b5-4acc-a475-8d76f5736ac1',
            'ea38bbdc-018b-ef11-acf8-0ed426d46691'
      ),
      (
            '97d80f5a-54a4-414d-ba52-003482ffad6d',
            'ea38bbdc-018b-ef11-acf8-0ed426d46691'
      ),
      (
            '383e8cf4-75bd-4d85-86fb-33e80d6259bf',
            'ea38bbdc-018b-ef11-acf8-0ed426d46691'
      ),
      (
            '170033df-b112-4c2d-9286-585f4bd2f0d9',
            'ea38bbdc-018b-ef11-acf8-0ed426d46691'
      ),
      (
            'f6043658-83fc-4bd0-a94f-63d3ec28a473',
            'ea38bbdc-018b-ef11-acf8-0ed426d46691'
      ),
      (
            '796abdb1-ce44-48e5-a6a1-29aad34fda08',
            'ea38bbdc-018b-ef11-acf8-0ed426d46691'
      ),
      (
            '9858e530-aa8d-444e-906a-ae0c76080c47',
            'ea38bbdc-018b-ef11-acf8-0ed426d46691'
      ),
      (
            'd412808e-805a-46d9-994e-e0863aabed6d',
            'ea38bbdc-018b-ef11-acf8-0ed426d46691'
      ),
      (
            '9ea28a91-ebd9-4cb0-b556-6114859e6adf',
            'ea38bbdc-018b-ef11-acf8-0ed426d46691'
      ),
      (
            '86cf71a7-2ed0-4461-8b79-8f01d538ad86',
            'ea38bbdc-018b-ef11-acf8-0ed426d46691'
      ),
      (
            '475bc1d8-8ead-4341-87df-a4254f6c7cc7',
            'ea38bbdc-018b-ef11-acf8-0ed426d46691'
      ),
      (
            'cdba76db-fb4f-4949-8e6a-dcd732f60166',
            'ea38bbdc-018b-ef11-acf8-0ed426d46691'
      ),
      (
            'ce9e7c12-50ca-4fca-922d-3a4051394407',
            'ea38bbdc-018b-ef11-acf8-0ed426d46691'
      ),
      (
            '5e6117dd-2af7-4cf3-a403-379c589906b1',
            'ea38bbdc-018b-ef11-acf8-0ed426d46691'
      ),
      (
            'c83a2f26-e99e-4d34-9321-ee6c9eee9a24',
            'ea38bbdc-018b-ef11-acf8-0ed426d46691'
      ),
      (
            '69f3cb3c-b5b6-4df5-ad73-c47e21e107b9',
            'ea38bbdc-018b-ef11-acf8-0ed426d46691'
      ),
      (
            'a0beaf0c-3c2b-49d5-8719-5a32cfab3263',
            'ea38bbdc-018b-ef11-acf8-0ed426d46691'
      ),
      (
            '9b040210-922a-42a6-9c74-c3db0bf95375',
            'ea38bbdc-018b-ef11-acf8-0ed426d46691'
      ),
      (
            '69f6c67c-2ac7-44f6-9441-4c386c9d142f',
            'ea38bbdc-018b-ef11-acf8-0ed426d46691'
      ),
      (
            'ebcc554e-ac71-4e42-ab86-be37a8cd606b',
            'ea38bbdc-018b-ef11-acf8-0ed426d46691'
      ),
      (
            '68cd23f5-607e-4cbc-bb96-9b66d319959e',
            'ea38bbdc-018b-ef11-acf8-0ed426d46691'
      ),
      (
            'c70e0f4a-103b-40c2-bfcc-a87d53ab1be9',
            'ea38bbdc-018b-ef11-acf8-0ed426d46691'
      ),
      (
            '12458b60-4ba1-4921-9a43-4b2ed90c7420',
            'ea38bbdc-018b-ef11-acf8-0ed426d46691'
      ),
      (
            '1ee641dc-8df8-457e-8366-ce5bf2d9e5e6',
            'ea38bbdc-018b-ef11-acf8-0ed426d46691'
      ),
      (
            'acc021fa-cf21-491d-91af-9bea064a4399',
            'ea38bbdc-018b-ef11-acf8-0ed426d46691'
      );

INSERT INTO
      [dbo].[selection] ([userId], [element])
VALUES
      ('241ff158-2225-49aa-af9e-23ffb3d822b1', '139'),
      ('241ff158-2225-49aa-af9e-23ffb3d822b1', '117'),
      ('241ff158-2225-49aa-af9e-23ffb3d822b1', '487'),
      ('241ff158-2225-49aa-af9e-23ffb3d822b1', '215'),
      ('17dbef75-a269-4179-9bea-84f1d5f9190d', '37'),
      ('17dbef75-a269-4179-9bea-84f1d5f9190d', '281'),
      ('17dbef75-a269-4179-9bea-84f1d5f9190d', '460'),
      ('17dbef75-a269-4179-9bea-84f1d5f9190d', '171'),
      ('4e45d812-98f0-4d7c-9f4b-8d6dcb546627', '333'),
      ('4e45d812-98f0-4d7c-9f4b-8d6dcb546627', '492'),
      ('4e45d812-98f0-4d7c-9f4b-8d6dcb546627', '411'),
      ('4e45d812-98f0-4d7c-9f4b-8d6dcb546627', '146'),
      ('734f4c09-4347-47ae-8048-10be89466962', '23'),
      ('734f4c09-4347-47ae-8048-10be89466962', '1'),
      ('734f4c09-4347-47ae-8048-10be89466962', '475'),
      ('734f4c09-4347-47ae-8048-10be89466962', '132'),
      ('4ee3ed21-7059-4f36-9530-1a2f3ec52ba8', '328'),
      ('4ee3ed21-7059-4f36-9530-1a2f3ec52ba8', '148'),
      ('4ee3ed21-7059-4f36-9530-1a2f3ec52ba8', '143'),
      ('4ee3ed21-7059-4f36-9530-1a2f3ec52ba8', '299'),
      ('baad2214-7c7f-4494-9f19-b1d8e15d8553', '425'),
      ('baad2214-7c7f-4494-9f19-b1d8e15d8553', '522'),
      ('baad2214-7c7f-4494-9f19-b1d8e15d8553', '420'),
      ('baad2214-7c7f-4494-9f19-b1d8e15d8553', '310'),
      ('2a68d097-34be-4843-9af0-672623d98a91', '546'),
      ('2a68d097-34be-4843-9af0-672623d98a91', '417'),
      ('2a68d097-34be-4843-9af0-672623d98a91', '228'),
      ('2a68d097-34be-4843-9af0-672623d98a91', '227'),
      ('2a4d3431-c2dc-459d-b34c-4234004c87a2', '161'),
      ('2a4d3431-c2dc-459d-b34c-4234004c87a2', '255'),
      ('2a4d3431-c2dc-459d-b34c-4234004c87a2', '404'),
      ('2a4d3431-c2dc-459d-b34c-4234004c87a2', '485'),
      ('6ae9d351-3ebc-4bc0-9e4b-4836995fe9b8', '394'),
      ('6ae9d351-3ebc-4bc0-9e4b-4836995fe9b8', '67'),
      ('6ae9d351-3ebc-4bc0-9e4b-4836995fe9b8', '467'),
      ('6ae9d351-3ebc-4bc0-9e4b-4836995fe9b8', '474'),
      ('0826be78-b185-4130-a7ff-01f65dae45b4', '69'),
      ('0826be78-b185-4130-a7ff-01f65dae45b4', '117'),
      ('0826be78-b185-4130-a7ff-01f65dae45b4', '413'),
      ('0826be78-b185-4130-a7ff-01f65dae45b4', '26'),
      ('821dbcf7-85c7-4e88-802e-1085eb4396c9', '18'),
      ('821dbcf7-85c7-4e88-802e-1085eb4396c9', '272'),
      ('821dbcf7-85c7-4e88-802e-1085eb4396c9', '308'),
      ('821dbcf7-85c7-4e88-802e-1085eb4396c9', '470'),
      ('82b22e87-7879-4756-b842-03e1f3a4c6c5', '81'),
      ('82b22e87-7879-4756-b842-03e1f3a4c6c5', '121'),
      ('82b22e87-7879-4756-b842-03e1f3a4c6c5', '497'),
      ('82b22e87-7879-4756-b842-03e1f3a4c6c5', '84'),
      ('51bd4187-5afd-4516-a09d-7300062d047f', '206'),
      ('51bd4187-5afd-4516-a09d-7300062d047f', '200'),
      ('51bd4187-5afd-4516-a09d-7300062d047f', '477'),
      ('51bd4187-5afd-4516-a09d-7300062d047f', '208'),
      ('cabdb7bd-6d2e-4132-8e94-cb9061c38e2e', '116'),
      ('cabdb7bd-6d2e-4132-8e94-cb9061c38e2e', '22'),
      ('cabdb7bd-6d2e-4132-8e94-cb9061c38e2e', '445'),
      ('cabdb7bd-6d2e-4132-8e94-cb9061c38e2e', '389'),
      ('a73e1118-a45e-4066-8dab-77f6e98d52da', '371'),
      ('a73e1118-a45e-4066-8dab-77f6e98d52da', '188'),
      ('a73e1118-a45e-4066-8dab-77f6e98d52da', '383'),
      ('a73e1118-a45e-4066-8dab-77f6e98d52da', '189'),
      ('ba44c96a-773f-4adb-92ac-db2f50d65033', '78'),
      ('ba44c96a-773f-4adb-92ac-db2f50d65033', '127'),
      ('ba44c96a-773f-4adb-92ac-db2f50d65033', '237'),
      ('ba44c96a-773f-4adb-92ac-db2f50d65033', '401'),
      ('e1ee7e94-39c8-456c-90ee-acf80784146c', '253'),
      ('e1ee7e94-39c8-456c-90ee-acf80784146c', '75'),
      ('e1ee7e94-39c8-456c-90ee-acf80784146c', '502'),
      ('e1ee7e94-39c8-456c-90ee-acf80784146c', '162'),
      ('8cb329e3-a74b-4036-a31a-69d43798eb35', '546'),
      ('8cb329e3-a74b-4036-a31a-69d43798eb35', '101'),
      ('8cb329e3-a74b-4036-a31a-69d43798eb35', '272'),
      ('8cb329e3-a74b-4036-a31a-69d43798eb35', '427'),
      ('09ad224f-33b5-4acc-a475-8d76f5736ac1', '392'),
      ('09ad224f-33b5-4acc-a475-8d76f5736ac1', '100'),
      ('09ad224f-33b5-4acc-a475-8d76f5736ac1', '279'),
      ('09ad224f-33b5-4acc-a475-8d76f5736ac1', '506'),
      ('383e8cf4-75bd-4d85-86fb-33e80d6259bf', '311'),
      ('383e8cf4-75bd-4d85-86fb-33e80d6259bf', '447'),
      ('383e8cf4-75bd-4d85-86fb-33e80d6259bf', '391'),
      ('383e8cf4-75bd-4d85-86fb-33e80d6259bf', '229'),
      ('170033df-b112-4c2d-9286-585f4bd2f0d9', '413'),
      ('170033df-b112-4c2d-9286-585f4bd2f0d9', '526'),
      ('170033df-b112-4c2d-9286-585f4bd2f0d9', '274'),
      ('170033df-b112-4c2d-9286-585f4bd2f0d9', '180'),
      ('f6043658-83fc-4bd0-a94f-63d3ec28a473', '350'),
      ('f6043658-83fc-4bd0-a94f-63d3ec28a473', '208'),
      ('f6043658-83fc-4bd0-a94f-63d3ec28a473', '308'),
      ('f6043658-83fc-4bd0-a94f-63d3ec28a473', '5'),
      ('796abdb1-ce44-48e5-a6a1-29aad34fda08', '351'),
      ('796abdb1-ce44-48e5-a6a1-29aad34fda08', '34'),
      ('796abdb1-ce44-48e5-a6a1-29aad34fda08', '484'),
      ('796abdb1-ce44-48e5-a6a1-29aad34fda08', '427'),
      ('9858e530-aa8d-444e-906a-ae0c76080c47', '388'),
      ('9858e530-aa8d-444e-906a-ae0c76080c47', '491'),
      ('9858e530-aa8d-444e-906a-ae0c76080c47', '178'),
      ('9858e530-aa8d-444e-906a-ae0c76080c47', '252'),
      ('9ea28a91-ebd9-4cb0-b556-6114859e6adf', '539'),
      ('9ea28a91-ebd9-4cb0-b556-6114859e6adf', '190'),
      ('9ea28a91-ebd9-4cb0-b556-6114859e6adf', '501'),
      ('9ea28a91-ebd9-4cb0-b556-6114859e6adf', '87'),
      ('475bc1d8-8ead-4341-87df-a4254f6c7cc7', '389'),
      ('475bc1d8-8ead-4341-87df-a4254f6c7cc7', '210'),
      ('475bc1d8-8ead-4341-87df-a4254f6c7cc7', '59'),
      ('475bc1d8-8ead-4341-87df-a4254f6c7cc7', '295'),
      ('ce9e7c12-50ca-4fca-922d-3a4051394407', '206'),
      ('ce9e7c12-50ca-4fca-922d-3a4051394407', '538'),
      ('ce9e7c12-50ca-4fca-922d-3a4051394407', '490'),
      ('ce9e7c12-50ca-4fca-922d-3a4051394407', '237'),
      ('5e6117dd-2af7-4cf3-a403-379c589906b1', '40'),
      ('5e6117dd-2af7-4cf3-a403-379c589906b1', '297'),
      ('5e6117dd-2af7-4cf3-a403-379c589906b1', '1'),
      ('5e6117dd-2af7-4cf3-a403-379c589906b1', '413'),
      ('c83a2f26-e99e-4d34-9321-ee6c9eee9a24', '370'),
      ('c83a2f26-e99e-4d34-9321-ee6c9eee9a24', '144'),
      ('c83a2f26-e99e-4d34-9321-ee6c9eee9a24', '325'),
      ('c83a2f26-e99e-4d34-9321-ee6c9eee9a24', '275'),
      ('a0beaf0c-3c2b-49d5-8719-5a32cfab3263', '138'),
      ('a0beaf0c-3c2b-49d5-8719-5a32cfab3263', '107'),
      ('a0beaf0c-3c2b-49d5-8719-5a32cfab3263', '117'),
      ('a0beaf0c-3c2b-49d5-8719-5a32cfab3263', '57'),
      ('9b040210-922a-42a6-9c74-c3db0bf95375', '414'),
      ('9b040210-922a-42a6-9c74-c3db0bf95375', '513'),
      ('9b040210-922a-42a6-9c74-c3db0bf95375', '511'),
      ('9b040210-922a-42a6-9c74-c3db0bf95375', '57'),
      ('ebcc554e-ac71-4e42-ab86-be37a8cd606b', '209'),
      ('ebcc554e-ac71-4e42-ab86-be37a8cd606b', '75'),
      ('ebcc554e-ac71-4e42-ab86-be37a8cd606b', '305'),
      ('ebcc554e-ac71-4e42-ab86-be37a8cd606b', '513'),
      ('1ee641dc-8df8-457e-8366-ce5bf2d9e5e6', '352'),
      ('1ee641dc-8df8-457e-8366-ce5bf2d9e5e6', '297'),
      ('1ee641dc-8df8-457e-8366-ce5bf2d9e5e6', '465'),
      ('1ee641dc-8df8-457e-8366-ce5bf2d9e5e6', '232');

INSERT INTO
      [dbo].[shopping_history] (
            [shoppingHistoryId],
            [shoppingDate],
            [expeditionDate],
            [usersAmount],
            [databasePath],
            [shoppingCode],
            [BuyerId],
            [databaseId]
      )
VALUES
      (
            '2f5c0a36-8f6b-4a2d-a7b2-9d75c903a4e1',
            '2023-10-25',
            '2024-01-25',
            50,
            'rutabd',
            'EUFOB5321',
            '321088ce-3276-4b31-87d5-dd3770a29a37',
            1
      ),
      (
            'f0b1b3f9-6fb7-4e78-af2c-1c34e8f5dab9',
            '2023-11-10',
            '2024-02-08',
            120,
            'rutabd',
            'EUFOB5321',
            '321088ce-3276-4b31-87d5-dd3770a29a37',
            2
      ),
      (
            '8d7a21c1-9b4c-4912-bb6f-256d3b73d92e',
            '2023-11-29',
            '2024-02-27',
            150,
            'rutabd',
            'EUFOB5321',
            '321088ce-3276-4b31-87d5-dd3770a29a37',
            1
      ),
      (
            'f9c5c25c-15d6-4b1d-ae45-53a2b70db0de',
            '2024/01/15',
            '2024/04/14',
            1,
            'rutabd',
            'EUFOB5321',
            '321088ce-3276-4b31-87d5-dd3770a29a37',
            1
      ),
      (
            '7d063af3-d0b1-46f7-859d-7c1569f2f192',
            '2024/02/29',
            '2024/05/28',
            1,
            'rutabd',
            'EUFOB5321',
            '321088ce-3276-4b31-87d5-dd3770a29a37',
            1
      ),
      (
            'e622f6a6-ee92-4174-9ec4-7e75009f5e2c',
            '2024/02/28',
            '2024/05/27',
            1,
            'rutabd',
            'EUFOB5321',
            '321088ce-3276-4b31-87d5-dd3770a29a37',
            1
      ),
      (
            '438f10c5-3ecf-4a5c-a743-33021415e6cb',
            '2024/01/21',
            '2024/04/20',
            1,
            'rutabd',
            'EUFOB5321',
            '321088ce-3276-4b31-87d5-dd3770a29a37',
            1
      ),
      (
            'dde074fb-d1a4-4909-98e7-cbcb91a8d12a',
            '2024/01/11',
            '2024/04/10',
            1,
            'rutabd',
            'EUFOB5321',
            '321088ce-3276-4b31-87d5-dd3770a29a37',
            1
      ),
      (
            '4b9a02db-6f02-4f8d-bfea-74ad877102ff',
            '2024/01/18',
            '2024/04/17',
            1,
            'rutabd',
            'EUFOB5321',
            '321088ce-3276-4b31-87d5-dd3770a29a37',
            1
      ),
      (
            '6d74a58f-65fd-4874-9d1b-584ab7f3ff0b',
            '2024/03/07',
            '2024/06/06',
            1,
            'rutabd',
            'EUFOB5321',
            '321088ce-3276-4b31-87d5-dd3770a29a37',
            1
      ),
      (
            '3d2d31f3-81f4-47c1-9a09-7b8ee2ec5c7a',
            '2024/02/01',
            '2024/04/30',
            1,
            'rutabd',
            'EUFOB5321',
            '321088ce-3276-4b31-87d5-dd3770a29a37',
            1
      ),
      (
            '29a7d9cc-7c0e-4ef1-9c28-3a617215bbd4',
            '2024/01/07',
            '2024/04/06',
            1,
            'rutabd',
            'EUFOB5321',
            '321088ce-3276-4b31-87d5-dd3770a29a37',
            1
      ),
      (
            'c07da245-f3e6-4869-9f51-8cc1a57df758',
            '2024/02/20',
            '2024/05/19',
            1,
            'rutabd',
            'EUFOB5321',
            '321088ce-3276-4b31-87d5-dd3770a29a37',
            1
      ),
      (
            '86b1e7aa-3325-47b1-88a2-1d1e9e31ee7d',
            '2024/03/28',
            '2024/06/27',
            1,
            'rutabd',
            'EUFOB5321',
            '321088ce-3276-4b31-87d5-dd3770a29a37',
            1
      ),
      (
            '290e94fc-8e56-4f39-9164-2c0b8d49a517',
            '2024/03/19',
            '2024/06/18',
            1,
            'rutabd',
            'EUFOB5321',
            '321088ce-3276-4b31-87d5-dd3770a29a37',
            1
      ),
      (
            'b1a8fcbb-7c1e-46a0-b2b6-15f106e39e67',
            '2024/01/12',
            '2024/04/11',
            1,
            'rutabd',
            'EUFOB5321',
            '321088ce-3276-4b31-87d5-dd3770a29a37',
            1
      ),
      (
            '81b19758-b4fc-4c4a-894e-c88fcd22ee5c',
            '2024/02/24',
            '2024/05/23',
            1,
            'rutabd',
            'EUFOB5321',
            '321088ce-3276-4b31-87d5-dd3770a29a37',
            1
      ),
      (
            '7bf2c450-d9c8-497a-a228-607786d089b2',
            '2024/03/07',
            '2024/06/06',
            1,
            'rutabd',
            'EUFOB5321',
            '321088ce-3276-4b31-87d5-dd3770a29a37',
            1
      ),
      (
            '7b6325a6-2e7c-4b82-864d-0c08364b05c1',
            '2024/01/01',
            '2024/03/31',
            1,
            'rutabd',
            'EUFOB5321',
            '321088ce-3276-4b31-87d5-dd3770a29a37',
            1
      ),
      (
            'a32aaebf-4168-4ec3-b8ee-f9be1e1023cb',
            '2024/03/03',
            '2024/06/02',
            1,
            'rutabd',
            'EUFOB5321',
            '321088ce-3276-4b31-87d5-dd3770a29a37',
            1
      ),
      (
            '7d3b7678-bb56-4d89-9ad4-9de4dce8db38',
            '2024/01/14',
            '2024/04/13',
            1,
            'rutabd',
            'EUFOB5321',
            '321088ce-3276-4b31-87d5-dd3770a29a37',
            1
      ),
      (
            '7438ec49-3d6c-4312-bb96-1d5b3bb7d569',
            '2024/02/07',
            '2024/05/06',
            1,
            'rutabd',
            'EUFOB5321',
            '321088ce-3276-4b31-87d5-dd3770a29a37',
            1
      ),
      (
            '80e21b02-2178-4560-ae1a-0733d3e83f80',
            '2024/03/08',
            '2024/06/07',
            1,
            'rutabd',
            'EUFOB5321',
            '321088ce-3276-4b31-87d5-dd3770a29a37',
            1
      ),
      (
            '017a4e26-037e-4f69-ba9e-d83bc5e77da0',
            '2024/03/10',
            '2024/06/09',
            1,
            'rutabd',
            'EUFOB5321',
            '321088ce-3276-4b31-87d5-dd3770a29a37',
            1
      ),
      (
            'f2a5aa5c-3d53-4f82-a3cf-79fbb4e6e13d',
            '2024/02/22',
            '2024/05/21',
            1,
            'rutabd',
            'EUFOB5321',
            '321088ce-3276-4b31-87d5-dd3770a29a37',
            1
      ),
      (
            '4bc692b3-8dab-47d6-a018-62dc9c06d598',
            '2024/01/27',
            '2024/04/26',
            1,
            'rutabd',
            'EUFOB5321',
            '321088ce-3276-4b31-87d5-dd3770a29a37',
            1
      ),
      (
            'e43f1992-7b0a-4f2c-9fc5-2915973a8d6b',
            '2024/03/05',
            '2024/06/04',
            1,
            'rutabd',
            'EUFOB5321',
            '321088ce-3276-4b31-87d5-dd3770a29a37',
            1
      ),
      (
            '9ff19c5b-f400-4771-b174-3c5a874c20bb',
            '2024/02/23',
            '2024/05/22',
            1,
            'rutabd',
            'EUFOB5321',
            '321088ce-3276-4b31-87d5-dd3770a29a37',
            1
      ),
      (
            '1f4c67de-77ee-4eae-bdff-51e9ad6b1663',
            '2024/03/07',
            '2024/06/06',
            1,
            'rutabd',
            'EUFOB5321',
            '321088ce-3276-4b31-87d5-dd3770a29a37',
            1
      ),
      (
            '8f365b30-d17f-4a21-af6d-8562158cc73b',
            '2024/02/10',
            '2024/05/09',
            1,
            'rutabd',
            'EUFOB5321',
            '321088ce-3276-4b31-87d5-dd3770a29a37',
            1
      ),
      (
            '90c99870-95ab-459b-87bb-69ef316b1167',
            '2024/03/28',
            '2024/06/27',
            1,
            'rutabd',
            'EUFOB5321',
            '321088ce-3276-4b31-87d5-dd3770a29a37',
            1
      ),
      (
            '45aee48e-ba7b-4a2c-8611-0fc8fd58e5f5',
            '2024/01/17',
            '2024/04/16',
            1,
            'rutabd',
            'EUFOB5321',
            '321088ce-3276-4b31-87d5-dd3770a29a37',
            1
      ),
      (
            '4603f2c8-ffcf-4ef5-94c2-85a3181a88c1',
            '2024/02/21',
            '2024/05/20',
            1,
            'rutabd',
            'EUFOB5321',
            '321088ce-3276-4b31-87d5-dd3770a29a37',
            1
      ),
      (
            '76a7b07d-84e2-48a6-b30d-4f2d9ebf0e3e',
            '2024/03/13',
            '2024/06/12',
            1,
            'rutabd',
            'EUFOB5321',
            '321088ce-3276-4b31-87d5-dd3770a29a37',
            1
      ),
      (
            '4a93b8dc-cd77-4539-a7dc-601de8b54b95',
            '2024/02/19',
            '2024/05/18',
            1,
            'rutabd',
            'EUFOB5321',
            '321088ce-3276-4b31-87d5-dd3770a29a37',
            1
      ),
      (
            '526aae5e-1a62-4d8b-9f7a-bdf69c0dbb47',
            '2024/01/25',
            '2024/04/24',
            1,
            'rutabd',
            'EUFOB5321',
            '321088ce-3276-4b31-87d5-dd3770a29a37',
            1
      ),
      (
            '6b2c0501-16c4-4416-a177-197ec875c52a',
            '2024/01/26',
            '2024/04/25',
            1,
            'rutabd',
            'EUFOB5321',
            '321088ce-3276-4b31-87d5-dd3770a29a37',
            1
      ),
      (
            'e8bb8d5b-3b70-472b-8e6f-30c1b867e394',
            '2024/03/22',
            '2024/06/21',
            1,
            'rutabd',
            'EUFOB5321',
            '321088ce-3276-4b31-87d5-dd3770a29a37',
            1
      ),
      (
            '1feec37f-10dc-48eb-9f86-1d86a6c3d29b',
            '2024/01/29',
            '2024/04/28',
            1,
            'rutabd',
            'EUFOB5321',
            '321088ce-3276-4b31-87d5-dd3770a29a37',
            1
      ),
      (
            '2d666ae2-b9aa-426d-9404-6f9d7d8f147d',
            '2024/02/04',
            '2024/05/03',
            1,
            'rutabd',
            'EUFOB5321',
            '321088ce-3276-4b31-87d5-dd3770a29a37',
            1
      ),
      (
            'd52e62f2-34da-4b53-a8b2-f9b3b18f1d9b',
            '2024/03/13',
            '2024/06/12',
            1,
            'rutabd',
            'EUFOB5321',
            '321088ce-3276-4b31-87d5-dd3770a29a37',
            1
      ),
      (
            '372825b1-4e3c-4d3b-82e2-6a3a3a24b3db',
            '2024/02/12',
            '2024/05/11',
            1,
            'rutabd',
            'EUFOB5321',
            '321088ce-3276-4b31-87d5-dd3770a29a37',
            1
      ),
      (
            '272bd0e0-0f50-4eef-9725-bd06ab0dc536',
            '2024/03/04',
            '2024/06/03',
            1,
            'rutabd',
            'EUFOB5321',
            '321088ce-3276-4b31-87d5-dd3770a29a37',
            1
      ),
      (
            '1e069a1b-1ad4-4ed3-91da-3b90c9357086',
            '2024/03/12',
            '2024/06/11',
            1,
            'rutabd',
            'EUFOB5321',
            '321088ce-3276-4b31-87d5-dd3770a29a37',
            1
      ),
      (
            '13e34d86-dc77-4fb3-bc58-f48c24e68fd4',
            '2024/03/28',
            '2024/06/27',
            1,
            'rutabd',
            'EUFOB5321',
            '321088ce-3276-4b31-87d5-dd3770a29a37',
            1
      ),
      (
            '6b1e52a4-3ee4-4aa8-b116-f38fcdbed749',
            '2024/04/01',
            '2024/06/30',
            1,
            'rutabd',
            'EUFOB5321',
            '321088ce-3276-4b31-87d5-dd3770a29a37',
            1
      ),
      (
            '1f6e8227-f622-4fd5-b8e8-24a20f35a60b',
            '2024/02/18',
            '2024/05/17',
            1,
            'rutabd',
            'EUFOB5321',
            '321088ce-3276-4b31-87d5-dd3770a29a37',
            1
      ),
      (
            '4e4fc152-0341-41cf-a236-220d5d36062b',
            '2024/03/18',
            '2024/06/17',
            1,
            'rutabd',
            'EUFOB5321',
            '321088ce-3276-4b31-87d5-dd3770a29a37',
            1
      ),
      (
            'a9c7a7db-6416-4d48-b897-8b8edac6a394',
            '2024/03/29',
            '2024/06/28',
            1,
            'rutabd',
            'EUFOB5321',
            '321088ce-3276-4b31-87d5-dd3770a29a37',
            1
      ),
      (
            '7d597518-ee1b-4b19-a5c0-f62bb3a3db8d',
            '2024/02/11',
            '2024/05/10',
            1,
            'rutabd',
            'EUFOB5321',
            '321088ce-3276-4b31-87d5-dd3770a29a37',
            1
      ),
      (
            '3c9eb728-89a4-4c28-aebb-7207d3829e0e',
            '2024/03/26',
            '2024/06/25',
            1,
            'rutabd',
            'EUFOB5321',
            '321088ce-3276-4b31-87d5-dd3770a29a37',
            1
      ),
      (
            '5d7aeeb7-703f-4f6d-8c10-d108c038972d',
            '2024/01/22',
            '2024/04/21',
            1,
            'rutabd',
            'EUFOB5321',
            '321088ce-3276-4b31-87d5-dd3770a29a37',
            1
      ),
      (
            '1b0792d1-c44e-4a07-8ac3-d6a4b29e22e2',
            '2024/03/24',
            '2024/06/23',
            1,
            'rutabd',
            'EUFOB5321',
            '321088ce-3276-4b31-87d5-dd3770a29a37',
            1
      );

INSERT INTO
      [dbo].[users_buyed] (
            [usersBuyedId],
            [shoppingHistoryId],
            [whiteListId]
      )
VALUES
      (
            '1932433e-f36b-1410-87a6-0065356853cd',
            '8d7a21c1-9b4c-4912-bb6f-256d3b73d92e',
            '8430433e-f36b-1410-87a6-0065356853cd'
      ),
      (
            '1c32433e-f36b-1410-87a6-0065356853cd',
            '8d7a21c1-9b4c-4912-bb6f-256d3b73d92e',
            '8930433e-f36b-1410-87a6-0065356853cd'
      ),
      (
            '1f32433e-f36b-1410-87a6-0065356853cd',
            '8d7a21c1-9b4c-4912-bb6f-256d3b73d92e',
            '8e30433e-f36b-1410-87a6-0065356853cd'
      ),
      (
            '2232433e-f36b-1410-87a6-0065356853cd',
            '8d7a21c1-9b4c-4912-bb6f-256d3b73d92e',
            '9330433e-f36b-1410-87a6-0065356853cd'
      ),
      (
            '2532433e-f36b-1410-87a6-0065356853cd',
            '8d7a21c1-9b4c-4912-bb6f-256d3b73d92e',
            '9830433e-f36b-1410-87a6-0065356853cd'
      ),
      (
            '2832433e-f36b-1410-87a6-0065356853cd',
            '8d7a21c1-9b4c-4912-bb6f-256d3b73d92e',
            '9d30433e-f36b-1410-87a6-0065356853cd'
      ),
      (
            '2b32433e-f36b-1410-87a6-0065356853cd',
            '8d7a21c1-9b4c-4912-bb6f-256d3b73d92e',
            'a230433e-f36b-1410-87a6-0065356853cd'
      ),
      (
            '2e32433e-f36b-1410-87a6-0065356853cd',
            '8d7a21c1-9b4c-4912-bb6f-256d3b73d92e',
            'a730433e-f36b-1410-87a6-0065356853cd'
      ),
      (
            '3132433e-f36b-1410-87a6-0065356853cd',
            '8d7a21c1-9b4c-4912-bb6f-256d3b73d92e',
            'ac30433e-f36b-1410-87a6-0065356853cd'
      ),
      (
            '3432433e-f36b-1410-87a6-0065356853cd',
            '8d7a21c1-9b4c-4912-bb6f-256d3b73d92e',
            'b130433e-f36b-1410-87a6-0065356853cd'
      ),
      (
            '3732433e-f36b-1410-87a6-0065356853cd',
            '8d7a21c1-9b4c-4912-bb6f-256d3b73d92e',
            'b630433e-f36b-1410-87a6-0065356853cd'
      ),
      (
            '3a32433e-f36b-1410-87a6-0065356853cd',
            '8d7a21c1-9b4c-4912-bb6f-256d3b73d92e',
            'bb30433e-f36b-1410-87a6-0065356853cd'
      ),
      (
            '3d32433e-f36b-1410-87a6-0065356853cd',
            '8d7a21c1-9b4c-4912-bb6f-256d3b73d92e',
            'c030433e-f36b-1410-87a6-0065356853cd'
      ),
      (
            '4032433e-f36b-1410-87a6-0065356853cd',
            '8d7a21c1-9b4c-4912-bb6f-256d3b73d92e',
            'c530433e-f36b-1410-87a6-0065356853cd'
      ),
      (
            '4332433e-f36b-1410-87a6-0065356853cd',
            '8d7a21c1-9b4c-4912-bb6f-256d3b73d92e',
            'ca30433e-f36b-1410-87a6-0065356853cd'
      ),
      (
            '4632433e-f36b-1410-87a6-0065356853cd',
            '8d7a21c1-9b4c-4912-bb6f-256d3b73d92e',
            'cf30433e-f36b-1410-87a6-0065356853cd'
      ),
      (
            '4932433e-f36b-1410-87a6-0065356853cd',
            '8d7a21c1-9b4c-4912-bb6f-256d3b73d92e',
            'd430433e-f36b-1410-87a6-0065356853cd'
      ),
      (
            '4c32433e-f36b-1410-87a6-0065356853cd',
            '8d7a21c1-9b4c-4912-bb6f-256d3b73d92e',
            'd930433e-f36b-1410-87a6-0065356853cd'
      ),
      (
            '4f32433e-f36b-1410-87a6-0065356853cd',
            '8d7a21c1-9b4c-4912-bb6f-256d3b73d92e',
            'de30433e-f36b-1410-87a6-0065356853cd'
      ),
      (
            '5232433e-f36b-1410-87a6-0065356853cd',
            '8d7a21c1-9b4c-4912-bb6f-256d3b73d92e',
            'e330433e-f36b-1410-87a6-0065356853cd'
      ),
      (
            '5532433e-f36b-1410-87a6-0065356853cd',
            '8d7a21c1-9b4c-4912-bb6f-256d3b73d92e',
            'e830433e-f36b-1410-87a6-0065356853cd'
      ),
      (
            '5832433e-f36b-1410-87a6-0065356853cd',
            '8d7a21c1-9b4c-4912-bb6f-256d3b73d92e',
            'ed30433e-f36b-1410-87a6-0065356853cd'
      ),
      (
            '5b32433e-f36b-1410-87a6-0065356853cd',
            '8d7a21c1-9b4c-4912-bb6f-256d3b73d92e',
            'f230433e-f36b-1410-87a6-0065356853cd'
      ),
      (
            '5e32433e-f36b-1410-87a6-0065356853cd',
            '8d7a21c1-9b4c-4912-bb6f-256d3b73d92e',
            'f730433e-f36b-1410-87a6-0065356853cd'
      ),
      (
            '6132433e-f36b-1410-87a6-0065356853cd',
            '8d7a21c1-9b4c-4912-bb6f-256d3b73d92e',
            'fc30433e-f36b-1410-87a6-0065356853cd'
      ),
      (
            '6432433e-f36b-1410-87a6-0065356853cd',
            '8d7a21c1-9b4c-4912-bb6f-256d3b73d92e',
            '0131433e-f36b-1410-87a6-0065356853cd'
      ),
      (
            '6732433e-f36b-1410-87a6-0065356853cd',
            '8d7a21c1-9b4c-4912-bb6f-256d3b73d92e',
            '0631433e-f36b-1410-87a6-0065356853cd'
      ),
      (
            '6a32433e-f36b-1410-87a6-0065356853cd',
            '8d7a21c1-9b4c-4912-bb6f-256d3b73d92e',
            '0b31433e-f36b-1410-87a6-0065356853cd'
      ),
      (
            '6d32433e-f36b-1410-87a6-0065356853cd',
            '8d7a21c1-9b4c-4912-bb6f-256d3b73d92e',
            '1031433e-f36b-1410-87a6-0065356853cd'
      ),
      (
            '7032433e-f36b-1410-87a6-0065356853cd',
            '8d7a21c1-9b4c-4912-bb6f-256d3b73d92e',
            '1531433e-f36b-1410-87a6-0065356853cd'
      ),
      (
            '7332433e-f36b-1410-87a6-0065356853cd',
            '8d7a21c1-9b4c-4912-bb6f-256d3b73d92e',
            '1a31433e-f36b-1410-87a6-0065356853cd'
      ),
      (
            '7632433e-f36b-1410-87a6-0065356853cd',
            '8d7a21c1-9b4c-4912-bb6f-256d3b73d92e',
            '1f31433e-f36b-1410-87a6-0065356853cd'
      ),
      (
            '7932433e-f36b-1410-87a6-0065356853cd',
            '8d7a21c1-9b4c-4912-bb6f-256d3b73d92e',
            '2431433e-f36b-1410-87a6-0065356853cd'
      ),
      (
            '7c32433e-f36b-1410-87a6-0065356853cd',
            '8d7a21c1-9b4c-4912-bb6f-256d3b73d92e',
            '2931433e-f36b-1410-87a6-0065356853cd'
      ),
      (
            '7f32433e-f36b-1410-87a6-0065356853cd',
            '8d7a21c1-9b4c-4912-bb6f-256d3b73d92e',
            '2e31433e-f36b-1410-87a6-0065356853cd'
      ),
      (
            '8232433e-f36b-1410-87a6-0065356853cd',
            '2f5c0a36-8f6b-4a2d-a7b2-9d75c903a4e1',
            '3331433e-f36b-1410-87a6-0065356853cd'
      ),
      (
            '8532433e-f36b-1410-87a6-0065356853cd',
            '2f5c0a36-8f6b-4a2d-a7b2-9d75c903a4e1',
            '3831433e-f36b-1410-87a6-0065356853cd'
      ),
      (
            '8832433e-f36b-1410-87a6-0065356853cd',
            '2f5c0a36-8f6b-4a2d-a7b2-9d75c903a4e1',
            '3d31433e-f36b-1410-87a6-0065356853cd'
      ),
      (
            '8b32433e-f36b-1410-87a6-0065356853cd',
            '2f5c0a36-8f6b-4a2d-a7b2-9d75c903a4e1',
            '4231433e-f36b-1410-87a6-0065356853cd'
      ),
      (
            '8e32433e-f36b-1410-87a6-0065356853cd',
            '2f5c0a36-8f6b-4a2d-a7b2-9d75c903a4e1',
            '4731433e-f36b-1410-87a6-0065356853cd'
      ),
      (
            '9132433e-f36b-1410-87a6-0065356853cd',
            '2f5c0a36-8f6b-4a2d-a7b2-9d75c903a4e1',
            '4c31433e-f36b-1410-87a6-0065356853cd'
      ),
      (
            '9432433e-f36b-1410-87a6-0065356853cd',
            '2f5c0a36-8f6b-4a2d-a7b2-9d75c903a4e1',
            '5131433e-f36b-1410-87a6-0065356853cd'
      ),
      (
            '9732433e-f36b-1410-87a6-0065356853cd',
            '2f5c0a36-8f6b-4a2d-a7b2-9d75c903a4e1',
            '5631433e-f36b-1410-87a6-0065356853cd'
      ),
      (
            '9a32433e-f36b-1410-87a6-0065356853cd',
            '2f5c0a36-8f6b-4a2d-a7b2-9d75c903a4e1',
            '5b31433e-f36b-1410-87a6-0065356853cd'
      ),
      (
            '9d32433e-f36b-1410-87a6-0065356853cd',
            '2f5c0a36-8f6b-4a2d-a7b2-9d75c903a4e1',
            '6031433e-f36b-1410-87a6-0065356853cd'
      ),
      (
            'a032433e-f36b-1410-87a6-0065356853cd',
            '2f5c0a36-8f6b-4a2d-a7b2-9d75c903a4e1',
            '6531433e-f36b-1410-87a6-0065356853cd'
      ),
      (
            'a332433e-f36b-1410-87a6-0065356853cd',
            '2f5c0a36-8f6b-4a2d-a7b2-9d75c903a4e1',
            '6a31433e-f36b-1410-87a6-0065356853cd'
      ),
      (
            'a632433e-f36b-1410-87a6-0065356853cd',
            '2f5c0a36-8f6b-4a2d-a7b2-9d75c903a4e1',
            '6f31433e-f36b-1410-87a6-0065356853cd'
      ),
      (
            'a932433e-f36b-1410-87a6-0065356853cd',
            '2f5c0a36-8f6b-4a2d-a7b2-9d75c903a4e1',
            '7431433e-f36b-1410-87a6-0065356853cd'
      ),
      (
            'ac32433e-f36b-1410-87a6-0065356853cd',
            '2f5c0a36-8f6b-4a2d-a7b2-9d75c903a4e1',
            '7931433e-f36b-1410-87a6-0065356853cd'
      ),
      (
            'af32433e-f36b-1410-87a6-0065356853cd',
            '2f5c0a36-8f6b-4a2d-a7b2-9d75c903a4e1',
            '7e31433e-f36b-1410-87a6-0065356853cd'
      ),
      (
            'b232433e-f36b-1410-87a6-0065356853cd',
            '2f5c0a36-8f6b-4a2d-a7b2-9d75c903a4e1',
            '8331433e-f36b-1410-87a6-0065356853cd'
      ),
      (
            'b532433e-f36b-1410-87a6-0065356853cd',
            '2f5c0a36-8f6b-4a2d-a7b2-9d75c903a4e1',
            '8831433e-f36b-1410-87a6-0065356853cd'
      ),
      (
            'b832433e-f36b-1410-87a6-0065356853cd',
            '2f5c0a36-8f6b-4a2d-a7b2-9d75c903a4e1',
            '8d31433e-f36b-1410-87a6-0065356853cd'
      ),
      (
            'bb32433e-f36b-1410-87a6-0065356853cd',
            '2f5c0a36-8f6b-4a2d-a7b2-9d75c903a4e1',
            '9231433e-f36b-1410-87a6-0065356853cd'
      ),
      (
            'be32433e-f36b-1410-87a6-0065356853cd',
            '2f5c0a36-8f6b-4a2d-a7b2-9d75c903a4e1',
            '9731433e-f36b-1410-87a6-0065356853cd'
      ),
      (
            'c132433e-f36b-1410-87a6-0065356853cd',
            '2f5c0a36-8f6b-4a2d-a7b2-9d75c903a4e1',
            '9c31433e-f36b-1410-87a6-0065356853cd'
      ),
      (
            'c432433e-f36b-1410-87a6-0065356853cd',
            '2f5c0a36-8f6b-4a2d-a7b2-9d75c903a4e1',
            'a131433e-f36b-1410-87a6-0065356853cd'
      ),
      (
            'c732433e-f36b-1410-87a6-0065356853cd',
            '2f5c0a36-8f6b-4a2d-a7b2-9d75c903a4e1',
            'a631433e-f36b-1410-87a6-0065356853cd'
      ),
      (
            'ca32433e-f36b-1410-87a6-0065356853cd',
            '2f5c0a36-8f6b-4a2d-a7b2-9d75c903a4e1',
            'ab31433e-f36b-1410-87a6-0065356853cd'
      ),
      (
            'cd32433e-f36b-1410-87a6-0065356853cd',
            '2f5c0a36-8f6b-4a2d-a7b2-9d75c903a4e1',
            'b031433e-f36b-1410-87a6-0065356853cd'
      ),
      (
            'd032433e-f36b-1410-87a6-0065356853cd',
            '2f5c0a36-8f6b-4a2d-a7b2-9d75c903a4e1',
            'b531433e-f36b-1410-87a6-0065356853cd'
      ),
      (
            'd332433e-f36b-1410-87a6-0065356853cd',
            '2f5c0a36-8f6b-4a2d-a7b2-9d75c903a4e1',
            'bb31433e-f36b-1410-87a6-0065356853cd'
      ),
      (
            'd632433e-f36b-1410-87a6-0065356853cd',
            '2f5c0a36-8f6b-4a2d-a7b2-9d75c903a4e1',
            'c131433e-f36b-1410-87a6-0065356853cd'
      ),
      (
            'd932433e-f36b-1410-87a6-0065356853cd',
            '2f5c0a36-8f6b-4a2d-a7b2-9d75c903a4e1',
            'c731433e-f36b-1410-87a6-0065356853cd'
      ),
      (
            'dc32433e-f36b-1410-87a6-0065356853cd',
            '2f5c0a36-8f6b-4a2d-a7b2-9d75c903a4e1',
            'cd31433e-f36b-1410-87a6-0065356853cd'
      ),
      (
            'df32433e-f36b-1410-87a6-0065356853cd',
            '2f5c0a36-8f6b-4a2d-a7b2-9d75c903a4e1',
            'd331433e-f36b-1410-87a6-0065356853cd'
      );

INSERT INTO
      [dbo].[reward] (
            [rewardId],
            [redeemedCode],
            [usersBuyed],
            [rewardCurrency],
            [redeemed]
      )
VALUES
      (
            'ec32433e-f36b-1410-87a6-0065356853cd',
            'AKDBV1056',
            '1932433e-f36b-1410-87a6-0065356853cd',
            2,
            0
      ),
      (
            'f132433e-f36b-1410-87a6-0065356853cd',
            'AKDBV1056',
            '1c32433e-f36b-1410-87a6-0065356853cd',
            3,
            0
      ),
      (
            'f632433e-f36b-1410-87a6-0065356853cd',
            'AKDBV1056',
            '1f32433e-f36b-1410-87a6-0065356853cd',
            3,
            0
      ),
      (
            'fb32433e-f36b-1410-87a6-0065356853cd',
            'AKDBV1056',
            '2232433e-f36b-1410-87a6-0065356853cd',
            3,
            0
      ),
      (
            '0033433e-f36b-1410-87a6-0065356853cd',
            'AKDBV1056',
            '2532433e-f36b-1410-87a6-0065356853cd',
            2,
            0
      ),
      (
            '0533433e-f36b-1410-87a6-0065356853cd',
            'AKDBV1056',
            '2832433e-f36b-1410-87a6-0065356853cd',
            2,
            0
      ),
      (
            '0a33433e-f36b-1410-87a6-0065356853cd',
            'AKDBV1056',
            '2b32433e-f36b-1410-87a6-0065356853cd',
            2,
            0
      ),
      (
            '0f33433e-f36b-1410-87a6-0065356853cd',
            'AKDBV1056',
            '2e32433e-f36b-1410-87a6-0065356853cd',
            3,
            0
      ),
      (
            '1433433e-f36b-1410-87a6-0065356853cd',
            'AKDBV1056',
            '3132433e-f36b-1410-87a6-0065356853cd',
            2,
            0
      ),
      (
            '1933433e-f36b-1410-87a6-0065356853cd',
            'AKDBV1056',
            '3432433e-f36b-1410-87a6-0065356853cd',
            2,
            0
      ),
      (
            '1e33433e-f36b-1410-87a6-0065356853cd',
            'AKDBV1056',
            '3732433e-f36b-1410-87a6-0065356853cd',
            2,
            0
      ),
      (
            '2333433e-f36b-1410-87a6-0065356853cd',
            'AKDBV1056',
            '3a32433e-f36b-1410-87a6-0065356853cd',
            2,
            0
      ),
      (
            '2833433e-f36b-1410-87a6-0065356853cd',
            'AKDBV1056',
            '3d32433e-f36b-1410-87a6-0065356853cd',
            3,
            0
      ),
      (
            '2d33433e-f36b-1410-87a6-0065356853cd',
            'AKDBV1056',
            '4032433e-f36b-1410-87a6-0065356853cd',
            2,
            0
      ),
      (
            '3233433e-f36b-1410-87a6-0065356853cd',
            'AKDBV1056',
            '4332433e-f36b-1410-87a6-0065356853cd',
            3,
            0
      ),
      (
            '3733433e-f36b-1410-87a6-0065356853cd',
            'AKDBV1056',
            '4632433e-f36b-1410-87a6-0065356853cd',
            3,
            0
      ),
      (
            '3c33433e-f36b-1410-87a6-0065356853cd',
            'AKDBV1056',
            '4932433e-f36b-1410-87a6-0065356853cd',
            2,
            0
      ),
      (
            '4133433e-f36b-1410-87a6-0065356853cd',
            'AKDBV1056',
            '4c32433e-f36b-1410-87a6-0065356853cd',
            2,
            0
      ),
      (
            '4633433e-f36b-1410-87a6-0065356853cd',
            'AKDBV1056',
            '4f32433e-f36b-1410-87a6-0065356853cd',
            2,
            0
      ),
      (
            '4b33433e-f36b-1410-87a6-0065356853cd',
            'AKDBV1056',
            '5232433e-f36b-1410-87a6-0065356853cd',
            3,
            0
      ),
      (
            '5033433e-f36b-1410-87a6-0065356853cd',
            'AKDBV1056',
            '5532433e-f36b-1410-87a6-0065356853cd',
            3,
            0
      ),
      (
            '5533433e-f36b-1410-87a6-0065356853cd',
            'AKDBV1056',
            '5832433e-f36b-1410-87a6-0065356853cd',
            2,
            0
      ),
      (
            '5a33433e-f36b-1410-87a6-0065356853cd',
            'AKDBV1056',
            '5b32433e-f36b-1410-87a6-0065356853cd',
            3,
            0
      ),
      (
            '5f33433e-f36b-1410-87a6-0065356853cd',
            'AKDBV1056',
            '5e32433e-f36b-1410-87a6-0065356853cd',
            2,
            0
      ),
      (
            '6433433e-f36b-1410-87a6-0065356853cd',
            'AKDBV1056',
            '6132433e-f36b-1410-87a6-0065356853cd',
            3,
            0
      ),
      (
            '6933433e-f36b-1410-87a6-0065356853cd',
            'AKDBV1056',
            '6432433e-f36b-1410-87a6-0065356853cd',
            2,
            0
      ),
      (
            '6e33433e-f36b-1410-87a6-0065356853cd',
            'AKDBV1056',
            '6732433e-f36b-1410-87a6-0065356853cd',
            2,
            0
      ),
      (
            '7333433e-f36b-1410-87a6-0065356853cd',
            'AKDBV1056',
            '6a32433e-f36b-1410-87a6-0065356853cd',
            2,
            0
      ),
      (
            '7833433e-f36b-1410-87a6-0065356853cd',
            'AKDBV1056',
            '6d32433e-f36b-1410-87a6-0065356853cd',
            3,
            0
      ),
      (
            '7d33433e-f36b-1410-87a6-0065356853cd',
            'AKDBV1056',
            '7032433e-f36b-1410-87a6-0065356853cd',
            2,
            0
      ),
      (
            '8233433e-f36b-1410-87a6-0065356853cd',
            'AKDBV1056',
            '7332433e-f36b-1410-87a6-0065356853cd',
            3,
            0
      ),
      (
            '8733433e-f36b-1410-87a6-0065356853cd',
            'AKDBV1056',
            '7632433e-f36b-1410-87a6-0065356853cd',
            2,
            0
      ),
      (
            '8c33433e-f36b-1410-87a6-0065356853cd',
            'AKDBV1056',
            '7932433e-f36b-1410-87a6-0065356853cd',
            3,
            0
      ),
      (
            '9133433e-f36b-1410-87a6-0065356853cd',
            'AKDBV1056',
            '7c32433e-f36b-1410-87a6-0065356853cd',
            3,
            0
      ),
      (
            '9633433e-f36b-1410-87a6-0065356853cd',
            'AKDBV1056',
            '7f32433e-f36b-1410-87a6-0065356853cd',
            2,
            0
      ),
      (
            '9b33433e-f36b-1410-87a6-0065356853cd',
            'AKDBV1056',
            '8232433e-f36b-1410-87a6-0065356853cd',
            2,
            0
      ),
      (
            'a033433e-f36b-1410-87a6-0065356853cd',
            'AKDBV1056',
            '8532433e-f36b-1410-87a6-0065356853cd',
            2,
            0
      ),
      (
            'a533433e-f36b-1410-87a6-0065356853cd',
            'AKDBV1056',
            '8832433e-f36b-1410-87a6-0065356853cd',
            2,
            0
      ),
      (
            'aa33433e-f36b-1410-87a6-0065356853cd',
            'AKDBV1056',
            '8b32433e-f36b-1410-87a6-0065356853cd',
            3,
            0
      ),
      (
            'af33433e-f36b-1410-87a6-0065356853cd',
            'AKDBV1056',
            '8e32433e-f36b-1410-87a6-0065356853cd',
            3,
            0
      ),
      (
            'b433433e-f36b-1410-87a6-0065356853cd',
            'AKDBV1056',
            '9132433e-f36b-1410-87a6-0065356853cd',
            3,
            0
      ),
      (
            'b933433e-f36b-1410-87a6-0065356853cd',
            'AKDBV1056',
            '9432433e-f36b-1410-87a6-0065356853cd',
            2,
            0
      ),
      (
            'be33433e-f36b-1410-87a6-0065356853cd',
            'AKDBV1056',
            '9732433e-f36b-1410-87a6-0065356853cd',
            3,
            0
      ),
      (
            'c333433e-f36b-1410-87a6-0065356853cd',
            'AKDBV1056',
            '9a32433e-f36b-1410-87a6-0065356853cd',
            2,
            0
      ),
      (
            'c833433e-f36b-1410-87a6-0065356853cd',
            'AKDBV1056',
            '9d32433e-f36b-1410-87a6-0065356853cd',
            3,
            0
      ),
      (
            'cd33433e-f36b-1410-87a6-0065356853cd',
            'AKDBV1056',
            'a032433e-f36b-1410-87a6-0065356853cd',
            3,
            0
      ),
      (
            'd233433e-f36b-1410-87a6-0065356853cd',
            'AKDBV1056',
            'a332433e-f36b-1410-87a6-0065356853cd',
            3,
            0
      ),
      (
            'd733433e-f36b-1410-87a6-0065356853cd',
            'AKDBV1056',
            'a632433e-f36b-1410-87a6-0065356853cd',
            3,
            0
      ),
      (
            'dc33433e-f36b-1410-87a6-0065356853cd',
            'AKDBV1056',
            'a932433e-f36b-1410-87a6-0065356853cd',
            3,
            0
      ),
      (
            'e133433e-f36b-1410-87a6-0065356853cd',
            'AKDBV1056',
            'ac32433e-f36b-1410-87a6-0065356853cd',
            2,
            0
      ),
      (
            'e633433e-f36b-1410-87a6-0065356853cd',
            'AKDBV1056',
            'af32433e-f36b-1410-87a6-0065356853cd',
            3,
            0
      ),
      (
            'eb33433e-f36b-1410-87a6-0065356853cd',
            'AKDBV1056',
            'b232433e-f36b-1410-87a6-0065356853cd',
            2,
            0
      ),
      (
            'f033433e-f36b-1410-87a6-0065356853cd',
            'AKDBV1056',
            'b532433e-f36b-1410-87a6-0065356853cd',
            3,
            0
      ),
      (
            'f533433e-f36b-1410-87a6-0065356853cd',
            'AKDBV1056',
            'b832433e-f36b-1410-87a6-0065356853cd',
            2,
            0
      ),
      (
            'fa33433e-f36b-1410-87a6-0065356853cd',
            'AKDBV1056',
            'bb32433e-f36b-1410-87a6-0065356853cd',
            3,
            0
      ),
      (
            'ff33433e-f36b-1410-87a6-0065356853cd',
            'AKDBV1056',
            'be32433e-f36b-1410-87a6-0065356853cd',
            3,
            0
      ),
      (
            '0434433e-f36b-1410-87a6-0065356853cd',
            'AKDBV1056',
            'c132433e-f36b-1410-87a6-0065356853cd',
            3,
            0
      ),
      (
            '0934433e-f36b-1410-87a6-0065356853cd',
            'AKDBV1056',
            'c432433e-f36b-1410-87a6-0065356853cd',
            2,
            0
      ),
      (
            '0e34433e-f36b-1410-87a6-0065356853cd',
            'AKDBV1056',
            'c732433e-f36b-1410-87a6-0065356853cd',
            3,
            0
      ),
      (
            '1334433e-f36b-1410-87a6-0065356853cd',
            'AKDBV1056',
            'ca32433e-f36b-1410-87a6-0065356853cd',
            3,
            0
      ),
      (
            '1834433e-f36b-1410-87a6-0065356853cd',
            'AKDBV1056',
            'cd32433e-f36b-1410-87a6-0065356853cd',
            2,
            0
      ),
      (
            '1d34433e-f36b-1410-87a6-0065356853cd',
            'AKDBV1056',
            'd032433e-f36b-1410-87a6-0065356853cd',
            3,
            0
      ),
      (
            '2234433e-f36b-1410-87a6-0065356853cd',
            'AKDBV1056',
            'd332433e-f36b-1410-87a6-0065356853cd',
            2,
            0
      ),
      (
            '2734433e-f36b-1410-87a6-0065356853cd',
            'AKDBV1056',
            'd632433e-f36b-1410-87a6-0065356853cd',
            2,
            0
      ),
      (
            '2c34433e-f36b-1410-87a6-0065356853cd',
            'AKDBV1056',
            'd932433e-f36b-1410-87a6-0065356853cd',
            2,
            0
      ),
      (
            '3134433e-f36b-1410-87a6-0065356853cd',
            'AKDBV1056',
            'dc32433e-f36b-1410-87a6-0065356853cd',
            3,
            0
      ),
      (
            '3634433e-f36b-1410-87a6-0065356853cd',
            'AKDBV1056',
            'df32433e-f36b-1410-87a6-0065356853cd',
            2,
            0
      );